,Unnamed: 0,id,age,sex,cued,block,condtrial,trialinblock,efflev,rewlev,calc,corAns,option1,option2,option3,tstart,ITI1Time,probTime,respTime,selectTime,ITI2Time,fbTime,ITI3Time,key_press,chosenAns,RT,acc,feedback,cuescr,cuecor,cuezyg,cuetime,probscr,probcor,probzyg,probtime,fbscr,fbcor,fbzyg,fbtime,probtime_c,cuetime_c,fbtime_c
0,0,8,20,f,0,Practice,,0,1,0,4 + 1 + 9 + 1 + 1,16,16,14,15,60.69962059997488,,60.69962279999163,65.72794739995152,67.68794029997662,67.68794579990208,69.20578769990243,70.22859469999094,q,16.0,1.9599929000250995,1,Correct,,,,,15.015638434102751,0.006055995217668642,0.2518916911564961,60073.0,33.93538470059851,-0.21630828019027382,1.6092922633894142,68574.0,60.70870577244517,,69.20970577244516
1,1,8,20,f,0,Practice,,1,1,0,3 + 1 + 1 + 8 - 1,12,10,11,12,71.74572319991421,,71.74572629993781,76.76864699996077,78.91185999999288,78.9118658999214,80.42878769990057,81.44705229997635,e,12.0,2.1432130000321195,1,Correct,,,,,-11.94820540645524,-0.15415621755149278,-1.7311284349227316,71113.0,-18.789893342859926,-0.16889438571863558,1.410173797093372,79792.0,71.74870577244516,,80.42770577244517
2,2,8,20,f,0,Practice,,2,2,0,8 + 1 + 6 + 1 - 4,12,11,12,10,82.96573409996927,,82.96573999989778,87.98555669991765,90.09581969992723,90.09582589997444,91.61241869989315,92.62931229989044,w,12.0,2.110263000009581,1,Correct,,,,,16.935146794415488,0.02487999686635689,-1.4910442778485136,82331.0,4.310455088549712,0.18309262261082848,-0.019969871846392984,90975.0,82.96670577244517,,91.61070577244516
3,3,8,20,f,0,Practice,,3,2,0,9 + 4 - 6 + 1 - 1,7,6,7,5,94.14575849997344,,94.1457620000001,99.1647607999621,101.45562149991748,101.4556273999624,102.97202779992948,103.9909310999792,q,6.0,2.290860699955374,0,Incorrect,,,,,2.540284236421118,0.3332159479107686,-0.20109079272889208,93510.0,23.84036557186658,-0.03146483234486075,0.5525685578971853,102336.0,94.14570577244517,,102.97170577244516
4,4,8,20,f,0,Practice,,4,3,0,9 + 3 - 5 + 6 + 7,20,21,22,20,105.507685199962,,105.50768799998332,110.52663659991232,114.51190149993636,114.51190749998204,116.02868429990484,117.04581199993844,w,22.0,3.985264900024049,0,Incorrect,,,,,11.82812567845447,0.31384760522610033,-0.06017618770217403,104872.0,22.85076539370897,0.06317836945377708,0.18110832526799214,115392.0,105.50770577244516,,116.02770577244516
5,5,8,20,f,0,Practice,,5,3,0,2 + 1 + 9 - 7 + 6,11,10,11,9,118.562797499937,,118.56280039995907,123.5837475999724,132.23176219989546,132.23176839994267,133.7487370999297,134.7669496999588,w,11.0,8.648014599923044,1,Correct,,,,,6.408285810588804,0.9683667037952284,-0.29615900952680185,117928.0,3.7248662844967875,0.6500369527404537,0.686049730840967,133112.0,118.56370577244516,,133.74770577244516
6,6,8,20,f,0,Practice,,6,4,0,4 + 8 + 5 - 3 + 7,21,21,23,22,136.28426689992193,,136.284269799944,141.3050907999277,145.71188479999546,145.7118905999232,147.22928509989288,148.2477500999812,q,21.0,4.406794000067748,1,Correct,,,,,-13.142767394023668,0.8557265327440389,-2.113217080602168,135651.0,-9.055225424923663,-0.3911166682096212,0.21924584526879975,146593.0,136.28670577244517,,147.22870577244515
7,7,8,20,f,0,Practice,,7,4,0,5 + 8 - 4 + 6 + 9,24,23,24,22,149.76487379998434,,149.76487669989,154.7845789999701,159.19977079995442,159.19977749988902,160.71727099991404,161.73545149993151,w,24.0,4.4151917999843135,1,Correct,,,,,18.00031856945997,0.5778134574626153,0.1410711342331772,149130.0,10.744906446105288,-0.27160555622874405,0.05180585863520237,160081.0,149.76570577244516,,160.71670577244515
8,8,8,20,f,0,0,0.0,0,1,0,4 + 1 + 8 + 1 - 1,13,15,13,14,174.15004249999765,,174.15004539990332,179.16962289996445,180.24776619998732,180.2477722999174,181.76463719992896,182.78212489990983,w,13.0,1.07814330002293,1,Correct,,,,,22.935581382285132,-0.5807615642681787,-2.8664209935261384,173515.0,-27.03948729184333,0.14550263686481468,0.854218072406586,181127.0,174.15070577244515,,181.76270577244517
9,9,8,20,f,0,0,1.0,1,1,0,2 + 1 + 1 + 7 + 1,12,11,14,12,184.29923279990908,,184.29923579993192,189.31784929998685,190.19154419994447,190.19155019999016,191.7086257999763,192.72684429993387,e,12.0,0.8736948999576271,1,Correct,,,,,-17.413139902505126,-0.8718115320384134,-0.8555347127369428,183663.0,15.29018341941157,-0.19966925288795423,0.41249980734499925,191072.0,184.29870577244517,,191.70770577244517
10,10,8,20,f,0,0,2.0,2,3,0,2 - 4 + 9 + 7 + 1,15,16,15,13,194.2440590999322,,194.24406209995504,199.2643240999896,200.03976499999408,200.0397710999241,201.556438599946,202.5742573000025,w,15.0,0.7754409000044689,1,Correct,,,,,-4.458785933860846,0.1438633875699713,-0.825987185100022,193610.0,20.333028023961333,-0.37096142007091526,0.25897890430501924,200920.0,194.24570577244518,,201.55570577244515
11,11,8,20,f,0,0,3.0,3,2,0,4 + 9 - 7 + 1 - 1,6,6,5,8,204.0914752999088,,204.0914781999309,209.11172179994173,211.77561719994992,211.77562359999865,213.2923115999438,214.3106216999004,w,5.0,2.6638954000081867,0,Incorrect,,,,,7.845372877180432,-0.24565666008003095,-0.08024714413077927,203457.0,48.83747768647682,0.860776265842301,7.024345741517242,212656.0,204.09270577244516,,213.29170577244517
12,12,8,20,f,0,0,4.0,4,4,0,8 + 4 + 7 - 5 - 6,8,9,8,7,215.8279242999852,,215.82792749989312,220.84849119989667,223.93578169995453,223.93578759999943,225.4527492999332,226.47079839999788,e,7.0,3.087290500057861,0,Incorrect,,,,,15.471908286532472,-0.46425115436967257,-0.58708118375848,215194.0,-14.826897115864917,-0.10004599705611383,-0.6229736423421031,224816.0,215.82970577244515,,225.45170577244517
13,13,8,20,f,0,0,5.0,5,4,0,4 + 7 + 8 - 3 + 9,25,26,24,25,227.9879815999884,,227.98798459989484,233.0085462999996,238.040186499944,238.04019009997137,239.558079999988,240.5824314999627,,,,0,Too Slow!,,,,,-4.038612809156817,0.7266203466388799,0.02893404987130932,227354.0,-29.499791803158228,-0.1309154994411763,-2.50246373527762,238928.0,227.98970577244518,,239.56370577244516
14,14,8,20,f,0,0,6.0,6,4,0,2 + 9 - 4 + 8 + 7,22,22,21,23,242.09955259994604,,242.0995554999681,247.1201336999657,249.67161149997264,249.67161719989963,251.1885793999536,252.2065532999113,q,22.0,2.551477800006978,1,Correct,,,,,9.019391408569623,0.6896550023485348,-1.154322126148398,241465.0,-6.135646899538315,0.14169774256796597,0.6201169359258429,250552.0,242.10070577244517,,251.18770577244516
15,15,8,20,f,0,0,7.0,7,2,0,8 + 1 + 1 + 9 - 4,15,16,14,15,253.7239613999845,,253.7239645998925,258.7436138999183,259.743565899902,259.7435717999469,261.2605233999202,262.2785258999793,e,15.0,0.9999519999837504,1,Correct,,,,,-23.031245079791276,-0.1299934585758722,2.4190276590893767,253089.0,12.761722473062965,0.541174263553434,-1.0019909660528556,260624.0,253.72470577244516,,261.2597057724452
16,16,8,20,f,0,0,8.0,8,1,0,4 + 9 + 1 - 1 - 1,12,12,13,11,263.7958234999096,,263.7958262999309,268.81499909993727,269.6316165999742,269.631622399902,271.1489274998894,272.1669097999111,q,12.0,0.8166175000369549,1,Correct,,,,,15.040286470426842,-0.5533249173729056,-1.7294853876303327,263160.0,34.979693815493604,0.27061419541274123,0.043207850766512124,270512.0,263.7957057724452,,271.1477057724452
17,17,8,20,f,0,0,9.0,9,3,0,7 - 5 + 9 + 1 - 4,8,9,8,7,273.6840164999012,,273.6840192999225,278.7044115999015,281.5596280999016,281.5596339999465,283.0765250999248,284.09466579998843,e,7.0,2.855216500000097,0,Incorrect,,,,,18.947963528296746,0.483564568592755,0.492207915303184,273050.0,13.356955301409165,-0.2963989462745529,0.9558537931044766,282440.0,273.6857057724452,,283.0757057724452
18,18,8,20,f,0,0,10.0,10,4,0,2 + 9 - 3 + 5 + 8,21,19,21,22,285.6116602999391,,285.61166329996195,290.6321793999523,295.4955648999894,295.4955708999187,297.01256879989523,298.03101799997967,w,21.0,4.863385500037111,1,Correct,,,,,9.699181989528169,-0.3604200898052756,0.2113543571938763,284977.0,-11.86733954979935,0.0524496765088287,-0.0709398286981271,296376.0,285.61270577244517,,297.01170577244517
19,19,8,20,f,0,0,11.0,11,2,0,7 + 6 + 8 + 1 + 1,23,22,21,23,299.54845699993894,,299.54846009996254,304.5688879999798,307.2794924998889,307.27949879993685,308.7969238999067,309.8149479998974,e,23.0,2.7106044999090955,1,Correct,,,,,7.266411620277847,0.26871414788636194,-1.2746350417652845,298914.0,-18.010573876993803,0.13978032719099076,1.4217274461451401,308160.0,299.5497057724452,,308.7957057724452
20,20,8,20,f,0,0,12.0,12,2,0,6 + 1 + 7 + 5 - 1,18,18,16,17,311.3322208999889,,311.3322236998938,316.35257659992203,317.2315472998889,317.23155319993384,318.7484939999413,319.7667948999442,q,18.0,0.8789706999668851,1,Correct,,,,,23.72115777456288,0.26217417820539435,-0.8592484967079121,310698.0,-0.6397555107199437,0.1606252660649412,0.09184705714349928,318112.0,311.33370577244517,,318.7477057724452
21,21,8,20,f,0,0,13.0,13,4,0,2 + 9 - 4 + 8 + 7,22,23,22,21,321.2841401000041,,321.28414319991134,326.30463589995634,329.79156169993803,329.7915674999822,331.3086705999449,332.3273389999522,e,21.0,3.486925799981691,0,Incorrect,,,,,18.847760438521526,-0.14550890132948702,-0.16469800322279582,320650.0,10.161887002895309,-0.5868700093425527,0.8985318621477081,330673.0,321.28570577244517,,331.3087057724452
22,22,8,20,f,0,0,14.0,14,2,0,6 + 1 + 1 + 7 - 9,6,4,8,6,333.8452355999034,,333.8452384999255,338.8657492999919,343.5353684999281,343.53537449997384,345.05189649993554,346.0707571998937,w,8.0,4.669619199936278,0,Incorrect,,,,,10.227126530499357,0.41440460044602556,-0.32024886437622335,333211.0,17.484413313886897,0.5477633574478533,2.7044533409881604,344416.0,333.8467057724452,,345.0517057724452
23,23,8,20,f,0,0,15.0,15,2,0,7 + 8 + 1 + 9 + 1,26,25,26,24,347.588388599921,,347.5883916999446,352.60866469994653,356.8474843999138,356.84749029995874,358.3645269999979,359.38274789997377,w,26.0,4.23881969996728,1,Correct,,,,,9.112668086710315,-0.01719796796040729,-9.658366065512581,346954.0,16.56887888914286,-0.2703112816574835,2.2138875998477534,357728.0,347.5897057724452,,358.3637057724452
24,24,8,20,f,0,1,16.0,0,3,0,3 + 8 + 1 + 5 - 9,8,9,8,7,392.4175000999821,,392.4175026000012,397.43712649995,399.5193334999494,399.5193402000005,401.0364251999417,402.0546329999343,w,8.0,2.082206999999471,1,Correct,,,,,-18.394412149076484,0.02109323752836101,-1.5307546907739527,391783.0,-9.43665174872354,0.23039359324601083,-0.3573432242371579,400400.0,392.4187057724452,,401.03570577244517
25,25,8,20,f,0,1,17.0,1,2,0,4 + 9 + 1 - 7 - 1,6,5,6,8,403.5718586998992,,403.571861699922,408.5931149999378,413.39135359996,413.39135959988926,414.908434699988,415.92664550000336,w,6.0,4.79823860002216,1,Correct,,,,,0.5367005674654721,0.27961373857385485,-0.5109754708894751,402938.0,2.83843291809805,-0.08767947778454133,0.16183565269319367,414272.0,403.5737057724452,,414.9077057724452
26,26,8,20,f,0,1,18.0,2,4,0,7 + 8 - 9 + 6 - 3,9,9,8,7,417.4438338999171,,417.4438367999392,422.464344499982,426.0953561998904,426.09536219993606,427.6124278999632,428.6307154999813,e,7.0,3.631011699908413,0,Incorrect,,,,,6.810699137772189,0.3846429674418017,-0.3799441853453489,416810.0,11.505852490170092,-0.22784919016114635,-0.060356298987184864,426976.0,417.4457057724452,,427.6117057724452
27,27,8,20,f,0,1,19.0,3,1,0,8 + 1 + 5 + 1 + 1,16,16,17,15,430.14796929992735,,430.14797239995096,435.16762729990296,435.7193438999821,435.7193494999083,437.23616420000326,438.25428199989256,q,16.0,0.5517166000790894,1,Correct,,,,,15.853272795394345,0.5785626017639371,0.34100704616707134,429513.0,26.360896146913003,0.09827289534488326,-0.13406806947911853,436600.0,430.14870577244517,,437.2357057724452
28,28,8,20,f,0,1,20.0,4,4,0,7 + 6 - 9 + 8 - 3,9,7,9,8,439.7716400999343,,439.7716431999579,444.79256289999466,447.1432079999941,447.14321389992256,448.6600857999874,449.67808089999016,w,9.0,2.350645099999383,1,Correct,,,,,16.15314761234253,-0.5888142353101076,-0.9820084214177109,439137.0,2.3020035200570295,-0.004722560301056333,-0.5054219897883732,448023.0,439.7727057724452,,448.6587057724452
29,29,8,20,f,0,1,21.0,5,1,0,3 + 1 + 8 + 1 + 1,14,13,14,12,451.1956107999431,,451.19561399996746,456.2152154999785,456.831229699892,456.8312353999354,458.3482123999856,459.3665115999757,w,14.0,0.6160141999134794,1,Correct,,,,,6.445471054963505,-0.13710295606334633,0.14749805111676695,450560.0,-4.861544575746933,0.33735131118568873,-0.969498401231526,457712.0,451.1957057724452,,458.3477057724452
30,30,8,20,f,0,1,22.0,6,3,0,6 + 8 + 7 + 1 - 9,13,14,13,15,460.8837001998909,,460.883703499916,465.9042947998969,468.98329849995207,468.9833045999985,470.500008599949,471.51819809991866,w,13.0,3.079003700055182,1,Correct,,,,,18.868879369677778,0.23392981142465707,-0.5416652227184082,460250.0,17.27487647728983,0.5109560408082272,0.4265393983867374,469864.0,460.8857057724452,,470.49970577244517
31,31,8,20,f,0,1,23.0,7,3,0,7 - 6 + 8 + 1 + 7,17,16,17,15,473.0353665999137,,473.0353698999388,478.0557430998888,478.6638698999304,478.6638758999761,480.1808548999252,481.19889339990914,w,17.0,0.6081268000416458,1,Correct,,,,,-17.981590700018828,0.2800250159873334,-0.7258811902184834,472401.0,-7.920963153304896,0.4123297695759467,-5.19386183308668,479544.0,473.0367057724452,,480.1797057724452
32,32,8,20,f,0,1,24.0,8,3,0,2 + 1 + 9 - 5 + 6,13,11,14,13,482.7163312999765,,482.71633409999777,487.7365713999607,492.6952637999784,492.6952702999115,494.2122814999893,495.2299064999679,e,13.0,4.958692400017753,1,Correct,,,,,-30.337564774665502,0.7104626592661898,-1.0152015491091646,482082.0,5.845653163947796,-0.06914927657468262,0.12497276425698711,493576.0,482.7177057724452,,494.2117057724452
33,33,8,20,f,0,1,25.0,9,4,0,6 + 7 + 9 - 3 + 5,24,23,22,24,496.7468901999528,,496.7468930999749,501.76739429996815,504.8632988999598,504.8633046000032,506.38053709990345,507.3988756999606,q,23.0,3.095904599991627,0,Incorrect,,,,,-8.909243137204227,-0.6962958870629814,-0.3928295267740469,496113.0,22.677433120341107,-0.2863862782953275,0.3705417197150753,505744.0,496.7487057724452,,506.3797057724452
34,34,8,20,f,0,1,26.0,10,2,0,3 + 1 + 8 - 5 - 1,6,5,7,6,508.9162701999303,,508.9162730999524,513.936181099969,514.9750677999109,514.9750735999551,516.4919585000025,517.5103296999587,q,5.0,1.0388866999419406,0,Incorrect,,,,,9.747178510425533,-0.29855802022328426,-0.28440390938860194,508281.0,,,,,508.9167057724452,,
35,35,8,20,f,0,1,27.0,11,1,0,8 + 1 + 1 - 1 - 4,5,6,3,5,519.0274943999248,,519.0274972999468,524.0473858999321,524.7912757999729,524.7912817999022,526.3082239999203,527.3262220999459,e,5.0,0.7438899000408128,1,Correct,,,,,-62.49067064714417,-0.09479586797701245,-1.397883954157236,518393.0,-5.372875443614635,-0.9171863490469683,-2.910066741522929,525672.0,519.0287057724452,,526.3077057724452
36,36,8,20,f,0,1,28.0,12,2,0,8 + 1 + 4 - 7 + 1,7,5,7,6,528.8434264999814,,528.843429200002,533.8639589999802,535.1112620999338,535.1112677999772,536.6282206999604,537.6467139999149,w,7.0,1.2473030999535697,1,Correct,,,,,-4.514275371064732,0.8332486027076627,-1.4534765070923799,528209.0,5.507705196952752,-0.20499576323517044,2.342205191098154,515855.0,528.8447057724451,,516.4907057724452
37,37,8,20,f,0,1,29.0,13,4,0,3 + 8 - 5 + 9 - 7,8,8,6,7,539.1637631999329,,539.1637661999557,544.184017399908,548.9672519000014,548.967258199933,550.4839412999572,551.5021122999024,w,6.0,4.783234500093386,0,Incorrect,,,,,43.54162369931701,-0.07352136662372999,-1.101182389433843,538529.0,-62.4971854570193,-0.514333674041425,2.416398401173204,549847.0,539.1647057724451,,550.4827057724451
38,38,8,20,f,0,1,30.0,14,1,0,6 + 1 + 1 + 9 - 1,16,14,16,15,553.0188985998975,,553.0189015999204,558.0383779999102,558.6871051999042,558.6871109999483,560.203501299955,561.2218718999065,w,16.0,0.6487271999940276,1,Correct,,,,,8.088560714282707,-0.12765448266224588,-0.6887243507828584,552384.0,21.86220392392029,0.2424201773492154,0.38995758918995893,559567.0,553.0197057724451,,560.2027057724451
39,39,8,20,f,0,1,31.0,15,4,0,5 + 6 - 4 + 7 + 9,23,25,23,24,562.7389809999149,,562.738983899937,567.7596217999235,571.28709109989,571.2870968999341,572.8039941999596,573.8224500999786,q,25.0,3.5274692999664694,0,Incorrect,,,,,-22.633364937691493,0.29630668062725896,-0.8588561136576489,562105.0,-0.4824393870536898,-0.3741790334274162,0.3316786378492109,572168.0,562.7407057724452,,572.8037057724451
40,40,8,20,f,0,2,32.0,0,4,0,5 + 8 - 4 - 6 + 9,12,12,14,13,596.5520089999773,,596.5520112999948,601.57178629993,604.9670694998931,604.9670752999373,606.4840154999401,607.5023819999769,e,13.0,3.39528319996316,0,Incorrect,,,,,9.741396835594813,-0.449139010140045,-0.39930219613630413,595917.0,-2.6727467263691125,-0.5123289282204144,4.26764810674786,605848.0,596.5527057724452,,606.4837057724451
41,41,8,20,f,0,2,33.0,1,1,0,7 - 1 + 9 + 1 - 1,15,14,15,13,609.0197454999434,,609.019748599967,614.0414450999815,614.7669038999593,614.7669098000042,616.2837295999052,617.3017272999277,w,15.0,0.7254587999777868,1,Correct,,,,,-2.9510809453837368,0.3634723502440895,-0.9672965301434688,608386.0,39.72350196900983,0.9223703246436994,0.3825055211719528,615647.0,609.0217057724451,,616.2827057724452
42,42,8,20,f,0,2,34.0,2,2,0,4 + 1 + 9 + 1 - 6,9,7,8,9,618.8188704999629,,618.8188734999858,623.8382254999597,624.9349527999293,624.9349586999742,626.4513418999268,627.4692379999906,e,9.0,1.0967272999696434,1,Correct,,,,,8.363628797437855,0.3531275253203896,-1.5994513571585838,618183.0,-31.82229697160203,0.14603133445764893,0.28374305454746684,535992.0,618.8187057724451,,536.6277057724451
43,43,8,20,f,0,2,35.0,3,1,0,8 + 1 + 1 + 1 - 4,7,5,7,8,628.9862696999917,,628.9862727998989,634.005935599911,636.9910730998963,636.9910789999412,638.5079977998976,639.526198699954,e,8.0,2.985137499985285,0,Incorrect,,,,,-22.821684494853823,-0.2543888343591689,-1.1820025611395337,628351.0,-4.253825917021086,-0.13371514101483317,-1.5084401120808417,637872.0,628.9867057724451,,638.5077057724451
44,44,8,20,f,0,2,36.0,4,1,0,8 + 1 + 1 + 1 - 4,7,8,5,7,641.0434569999343,,641.0434600999579,646.0630339999916,651.0914276998956,651.0914314999245,652.608216399909,653.6275168999564,,,,0,Too Slow!,,,,,15.121702143947207,0.24109022090170384,-1.1294330568163824,640408.0,-30.764173799254525,0.6438010839208408,-2.4160091694616384,651973.0,641.0437057724452,,652.6087057724451
45,45,8,20,f,0,2,37.0,5,3,0,5 + 6 + 7 - 1 - 9,8,9,7,8,655.144940399914,,655.1449434999377,660.1648931999225,661.7748372999486,661.7748430999927,663.2913820999674,664.3094046999468,w,7.0,1.6099441000260413,0,Incorrect,,,,,4.322185218936032,-0.06387845362717393,-1.4569744495720558,654511.0,0.7611863598405328,0.12471821460773302,1.164926477387417,662655.0,655.1467057724451,,663.2907057724451
46,46,8,20,f,0,2,38.0,6,1,0,5 + 6 + 1 + 1 + 1,14,15,14,16,665.8266047999496,,665.8266076999716,670.8452078999253,671.3989108999958,671.3989166999236,672.9157041999279,673.9333514999598,w,14.0,0.5537030000705272,1,Correct,,,,,3.6550782873922287,-0.7353887363238947,-1.3627042667803693,665190.0,-5.464061861147199,0.37714825789239637,-0.44118135926940205,672279.0,665.8257057724452,,672.9147057724451
47,47,8,20,f,0,2,39.0,7,2,0,3 + 8 - 5 + 1 + 1,8,6,9,8,675.4506145999767,,675.4506175999995,680.4701647999464,684.734978799941,684.7349849999882,686.2519104999956,687.2698934999062,e,8.0,4.264813999994658,1,Correct,,,,,-8.181502948407141,-0.1976621688942597,0.429766777400415,674815.0,-3.0052176187440622,-0.1826947410495201,0.4229049636023232,625815.0,675.4507057724452,,626.4507057724452
48,48,8,20,f,0,2,40.0,8,3,0,6 - 8 + 5 + 7 + 9,19,19,18,17,688.787164999987,,688.7871680998942,693.8079871999798,698.8375457999064,698.8375493999338,700.3543961999239,701.3734955999535,,,,0,Too Slow!,,,,,7.283142880552041,0.009136118215045563,-1.1293962911523518,688153.0,27.582598454665465,-0.7373857856489021,-2.814567034516627,699719.0,688.7887057724452,,700.3547057724452
49,49,8,20,f,0,2,41.0,9,3,0,6 - 1 + 7 - 8 + 9,13,11,12,13,702.8910692998907,,702.8910723999143,707.9117251998978,711.3750295999926,711.3750356999226,712.8919542999938,713.9097829998937,e,13.0,3.463304400094785,1,Correct,,,,,-20.297491516572933,0.4178859716350418,-0.12013893031603651,702257.0,-15.304843385213012,-0.6763548989836607,-0.04130805368920765,712255.0,702.8927057724451,,712.8907057724451
50,50,8,20,f,0,2,42.0,10,4,0,6 + 9 - 3 + 8 - 5,15,13,15,14,715.4266862999648,,715.4266891999869,720.4465594999492,722.0469522998901,722.0469582999358,723.5638106999686,724.5823770998977,w,15.0,1.6003927999408916,1,Correct,,,,,33.44417932294037,-0.2613532256904616,-0.3963859959492755,714792.0,-29.067342740091362,0.03988028122413745,1.1756529701874827,722927.0,715.4277057724452,,723.5627057724452
51,51,8,20,f,0,2,43.0,11,3,0,4 + 8 - 9 + 1 + 7,11,9,13,11,726.0998274999438,,726.0998304999666,731.1201839999994,733.8468615999445,733.8468673999887,735.3642131999368,736.3822907999856,e,11.0,2.7266775999451056,1,Correct,,,,,12.201353058590396,0.12946759919929995,0.4710898093662257,725465.0,-0.4198973768760048,0.5007704050936486,1.6393760899815595,734727.0,726.1007057724452,,735.3627057724451
52,52,8,20,f,0,2,44.0,12,3,0,7 + 1 + 9 + 5 - 6,16,14,15,16,737.8999388999073,,737.8999417999294,742.9204981999937,743.5747334999032,743.5747393999482,745.0917198999086,746.1097286998993,e,16.0,0.6542352999094874,1,Correct,,,,,-12.724812534556674,0.250471545827458,0.7007656833138753,737266.0,23.602973215523164,0.3360110544827215,-0.27224070967534164,744455.0,737.9017057724451,,745.0907057724452
53,53,8,20,f,0,2,45.0,13,1,0,7 + 1 + 4 + 1 - 1,12,11,13,12,747.627197499969,,747.6272004999919,752.6475068998989,755.6469322999474,755.6469380999915,757.1642893999815,758.182745099999,w,13.0,2.9994254000484943,0,Incorrect,,,,,36.70429749380713,-0.2851215853928064,-0.8510784846229864,746993.0,16.364580985416204,-0.2228529581367873,-0.5749478862363775,756528.0,747.6287057724452,,757.1637057724452
54,54,8,20,f,0,2,46.0,14,2,0,4 + 8 + 1 + 1 - 5,9,11,8,9,759.70014239999,,759.7001453998964,764.7197952999268,765.3108797000023,765.3108861999353,766.8278764999704,767.8460188999306,e,9.0,0.5910844000754878,1,Correct,,,,,3.62335933269949,-0.5982144675603376,0.4189926189964517,759065.0,-24.280506932464398,0.5636626547864481,-3.543982938474108,685615.0,759.7007057724452,,686.2507057724451
55,55,8,20,f,0,2,47.0,15,3,0,2 + 1 + 9 - 7 + 6,11,11,12,13,769.363281799946,,769.3632851999719,774.3840583999408,779.4120907000033,779.4120942999143,780.9291335999733,781.9484645999037,,,,0,Too Slow!,,,,,-73.3180209713036,0.6172395679871849,1.4846972118231898,768729.0,-2.3047668920000906,0.5206789902646074,-2.4457461265355116,780294.0,769.3647057724452,,780.9297057724451
56,56,8,20,f,1,0,0.0,0,2,0,2 + 9 + 1 + 1 - 5,8,7,6,8,809.7089732999448,811.7326976999175,813.2477495999774,818.2680091999937,819.1964234999614,819.196428700001,820.7128766999813,821.7302492999006,e,8.0,0.9284142999676988,1,Correct,-8.890230791783825,-0.28796322026850074,0.34946401763865786,809078.0,12.343607694079232,0.9041554470602549,-1.0537239514786876,812613.0,19.438499196412337,-0.8220925899962248,0.14698024611225335,820075.0,813.2487057724452,809.7137057724451,820.7107057724452
57,57,8,20,f,1,0,1.0,1,4,0,2 + 5 - 3 + 9 + 8,21,22,21,19,823.2475667999825,825.2763979999581,826.7916718999622,831.8106284999521,835.41237549996,835.4123812000034,836.9288823999232,837.9465705999173,q,22.0,3.60174700000789,0,Incorrect,-13.97780928214489,-0.018959328649810203,-0.40504786117632463,822621.0,24.61581827177403,-0.006710952209652454,0.09914780069261031,826155.0,25.785931290216997,-0.6726209410844142,0.43339405048967805,836291.0,826.7907057724451,823.2567057724451,836.9267057724452
58,58,8,20,f,1,0,2.0,2,3,0,8 - 7 + 9 + 1 + 4,15,15,14,16,839.4637618999695,841.4936790999491,843.0089002999011,848.0290144999744,852.8202707999153,852.8202757999534,854.3365411999403,855.3533131999429,q,15.0,4.791256299940869,1,Correct,1.3939585295729096,0.1686085613728583,-0.5781263882739403,838839.0,-40.40985028384632,-0.2221565907090728,-1.9389886956212514,842374.0,-46.09546800452745,-0.622374824118828,0.7481088458153167,853699.0,843.0097057724452,839.4747057724452,854.3347057724451
59,59,8,20,f,1,0,3.0,3,3,0,5 + 1 + 7 - 4 + 6,15,13,17,15,856.8702552999603,858.898678699974,860.414599499898,865.4358105999418,867.1802885999205,867.18029379996,868.6964645999251,869.7135271999286,e,15.0,1.7444779999786988,1,Correct,10.308912544362649,-0.018317895383319183,-0.368996242092301,856244.0,-64.26564576684017,0.21308091114522476,-0.7407061532868173,859780.0,-21.558221768014242,-1.2390846415304324,3.548821359625072,868059.0,860.4157057724451,856.8797057724452,868.6947057724451
60,60,8,20,f,1,0,4.0,4,3,0,8 + 4 + 1 - 7 + 9,15,16,15,13,871.2306481999112,873.2593682999723,874.7748143998906,879.7935014999239,883.3643150998978,883.3643203999382,884.8810254998971,885.8980709000025,q,16.0,3.570813599973917,0,Incorrect,3.589366501308035,-0.16928345494761032,-2.1552907135734154,870604.0,2.5089407182581294,-1.0467937928147864,2.1450615249559677,874138.0,-12.00761436465497,0.39500269450635983,0.42905584910682126,884243.0,874.7737057724452,871.2397057724452,884.8787057724452
61,61,8,20,f,1,0,5.0,5,1,0,2 + 1 + 9 + 1 - 1,12,11,13,12,887.4148717999924,889.4424029999645,890.9576070999028,895.9778686999343,896.8762666999828,896.876271899906,898.3929632999934,899.4104514999781,e,12.0,0.8983980000484735,1,Correct,3.1392144707987093,0.5991507787415165,-2.7687545920433507,886787.0,-10.924132152485509,-0.22489733286247393,-0.13438133356264448,890323.0,4.650708289347847,-0.5762980573285779,-0.6720531731736923,897755.0,890.9587057724451,887.4227057724452,898.3907057724451
62,62,8,20,f,1,0,6.0,6,1,0,6 + 1 + 8 + 1 - 1,15,15,14,13,900.9271068999078,902.955679299892,904.4705805999693,909.48888599989,910.9723136998946,910.9723194999387,912.4891222999432,913.506333499914,q,15.0,1.4834277000045404,1,Correct,-65.19715830685394,-0.09054394277066447,0.45411704612469883,900301.0,-26.002030265149724,0.8947594664838787,-1.729139481957584,903834.0,9.873793149307238,0.13860912496085653,-0.6224901674674985,911851.0,904.4697057724451,900.9367057724452,912.4867057724451
63,63,8,20,f,1,0,7.0,7,3,0,4 + 7 + 1 + 9 - 5,16,17,16,18,915.0233967999228,917.05248069996,918.5678713999224,923.5866877998924,927.4602295999648,927.4602348000044,928.976910599973,929.9936943999492,w,16.0,3.8735418000724167,1,Correct,-8.773578322553464,0.44076299365056926,0.19677106987235504,914398.0,17.27230719225118,-0.8716719835488478,-1.1699714694002443,917932.0,-4.991180144858674,-0.2197514934650462,1.44866971597708,928339.0,918.5677057724452,915.0337057724452,928.9747057724452
64,64,8,20,f,1,0,8.0,8,1,0,5 + 1 + 1 + 9 + 1,17,16,19,17,931.5104066999628,933.5396163999104,935.0554648999824,940.0740431000012,941.0761832999996,941.0761886999244,942.59263869992,943.6095195999368,e,17.0,1.0021401999983937,1,Correct,7.435017895167607,0.3042554259303216,0.07560493882601182,930885.0,20.31839226445261,-0.17422048739527707,-0.4455416993618986,934419.0,17.432318223011258,-0.7969093643593448,-4.6705923139506265,941955.0,935.0547057724451,931.5207057724451,942.5907057724452
65,65,8,20,f,1,0,9.0,9,1,0,5 + 9 - 1 + 1 + 1,15,17,15,13,945.1262625999516,947.1534959999844,948.6686183999992,953.6867581999396,955.2841691999928,955.2841752999228,956.80091729993,957.8181730998912,w,15.0,1.5974110000533983,1,Correct,-9.524820901247388,0.46193961232631153,-0.6494987985546308,944498.0,2.515813762877009,-0.49357052672155444,-0.7257514363419588,948032.0,29.033041662981347,0.022526605975794922,0.34079008649393394,956163.0,948.6677057724452,945.1337057724452,956.7987057724451
66,66,8,20,f,1,0,10.0,10,4,0,3 + 8 - 4 + 9 + 7,23,22,24,23,959.3349732999924,961.3646337999962,962.8800547999564,967.899034999893,970.4441566999304,970.4441615999676,971.9607048999752,972.9779924999456,e,23.0,2.545121700037271,1,Correct,-1.894056724368737,-0.4362169290138267,0.055813451593268226,958710.0,8.78218908289604,-0.32990721930724476,-1.365239646855418,962244.0,-2.758480096951086,-0.31345729098970043,-5.584470386636724,971323.0,962.8797057724452,959.3457057724452,971.9587057724451
67,67,8,20,f,1,0,11.0,11,2,0,8 - 7 + 5 + 1 + 1,8,6,7,8,974.4949087999994,976.5242907999782,978.0401491998928,983.0589347999776,983.6761213999708,983.6761261998907,985.1930394999216,986.2105230999878,e,8.0,0.617186599993147,1,Correct,-40.701452016429094,-0.678533644274653,0.2766955504393307,973869.0,19.39521742198119,-1.2199930519879638,-0.7988666068726245,977404.0,8.39812006983251,-0.9475979177565188,0.5916585781695902,984555.0,978.0397057724451,974.5047057724452,985.1907057724451
68,68,8,20,f,1,0,12.0,12,3,0,3 + 8 - 7 + 1 + 9,14,12,13,14,987.7269313998986,989.7568683999124,991.272004499915,996.291739399894,996.876201499952,996.8762071999954,998.3925562999212,999.4095907999435,e,14.0,0.5844621000578627,1,Correct,-0.5865419789391133,0.32070405947536873,-0.39149782915750375,987102.0,-35.02638714545565,-0.021231698722915304,0.11720678292237796,990636.0,-0.49633116577134295,-0.34292518083031975,0.26928579228082583,997755.0,991.2717057724451,987.7377057724451,998.3907057724451
69,69,8,20,f,1,0,13.0,13,2,0,7 + 6 + 1 + 8 + 1,23,23,21,22,1000.9262345999014,1002.9561335999751,1004.4709780999692,1009.4895923999138,1014.507344399928,1014.5073472999502,1016.0238061998972,1017.0426251000026,,,,0,Too Slow!,0.3643045831237206,1.173257935131911,-0.01003819331398148,1000301.0,3.398858969728245,0.8841857134728155,-2.4014410374549024,1003834.0,24.850042281947218,-0.8771335412834835,2.499967446197651,1015387.0,1004.4697057724451,1000.9367057724452,1016.0227057724451
70,70,8,20,f,1,0,14.0,14,2,0,5 - 8 + 7 + 1 + 1,6,6,8,7,1018.5594139999012,1020.5870148999384,1022.1022753999569,1027.122762199957,1031.3800583999837,1031.3800631999038,1032.896485199919,1033.9132018999662,e,7.0,4.257296200026758,0,Incorrect,6.488874894061324,0.41162698350558724,-0.223433546234463,1017932.0,30.894625592688097,0.6547465565127482,-0.8450932433075282,1021468.0,0.5159688750963394,-0.9425449028750217,0.1252339145056176,1032259.0,1022.1037057724451,1018.5677057724452,1032.8947057724451
71,71,8,20,f,1,0,15.0,15,3,0,9 + 5 + 1 - 6 + 7,16,15,18,16,1035.4298300999217,1037.4568317999365,1038.972024199902,1043.992448599893,1044.588018399896,1044.588023499935,1046.1043375999434,1047.1218549999176,e,16.0,0.5955698000034317,1,Correct,-83.12989538919797,0.12093010805367221,-0.4581450645427534,1034802.0,9.66588474717164,-0.3842612192436281,-0.007867565496519013,1038337.0,8.671585893067059,0.1715871258910182,-0.4396048017605745,1045467.0,1038.9727057724451,1035.437705772445,1046.1027057724452
72,72,8,20,f,1,0,16.0,16,1,0,4 + 1 + 1 + 7 - 1,12,13,12,14,1048.638724099961,1050.667518699891,1052.1828360999934,1057.2017808998935,1058.5960257999832,1058.5960309999064,1060.1128358999267,1061.1297210999765,w,12.0,1.3942449000896886,1,Correct,14.435153330898762,0.2446556420325372,-0.36023723814063136,1048012.0,15.63251582473315,-0.16714018331805391,-1.6474819986795985,1051547.0,-38.47956812144647,0.7001880780348646,-0.205509060003922,1059475.0,1052.1827057724452,1048.647705772445,1060.110705772445
73,73,8,20,f,1,0,17.0,17,4,0,4 + 7 - 8 + 9 - 4,8,7,9,8,1062.6466748999665,1064.6765673999907,1066.191751999897,1071.210800300003,1075.7800398999825,1075.780045799911,1077.2966378999408,1078.3142996999668,w,9.0,4.569239599979483,0,Incorrect,-36.582974753218465,0.35863291118716223,-1.8511800012158384,1062021.0,31.111673615273496,0.16872022452554702,2.314445365265147,1065556.0,-20.885796268516266,-0.34299089776594993,3.941721201382352,1076659.0,1066.1917057724452,1062.656705772445,1077.2947057724452
74,74,8,20,f,1,0,18.0,18,4,0,8 + 4 - 5 + 7 - 6,8,6,8,7,1079.8310219999405,1081.8590923999436,1083.375381299993,1088.3959440999895,1092.7400106999555,1092.7400157999946,1094.2566894999472,1095.274107299978,w,8.0,4.344066599966027,1,Correct,-2.9556829959210047,0.6891971865202073,-2.985123219942043,1079203.0,9.5807785882476,0.15163809488298785,-0.6913750149024693,1082741.0,19.561891938019464,-0.11792925844781443,0.9061974649387796,1093619.0,1083.3767057724451,1079.838705772445,1094.254705772445
75,75,8,20,f,1,0,19.0,19,4,0,4 + 7 + 9 - 5 + 7,22,23,24,22,1096.7913180999458,1098.82142069994,1100.3366240999894,1105.3568229998928,1110.3750377999386,1110.3750402999576,1111.8918369999155,1112.9104976999806,,,,0,Too Slow!,-8.273745024552241,-0.5085980052879435,-0.05913407684869032,1096166.0,34.871746223788605,0.7301798098406529,-1.618233675526704,1099702.0,13.852241923486655,0.5973272732545514,-4.491999376538486,1111255.0,1100.3377057724451,1096.801705772445,1111.8907057724452
76,76,8,20,f,1,0,20.0,20,3,0,3 + 1 + 8 - 5 + 6,13,14,15,13,1114.427245699917,1116.4544169999426,1117.969918699935,1122.9886039999546,1123.7559432999697,1123.7559484998928,1125.2719621999422,1126.28911839996,e,13.0,0.7673393000150099,1,Correct,12.016647831623713,-0.29068284721145776,1.2968778827063518,1113799.0,4.4178340502407485,-0.5660706734435843,-2.2844986887258436,1117334.0,36.784430724493554,0.6323806354020034,1.8716731380347813,1124634.0,1117.9697057724452,1114.434705772445,1125.2697057724451
77,77,8,20,f,1,0,21.0,21,3,0,4 + 5 - 3 + 7 - 1,12,12,13,11,1127.8060296999756,1129.8355338999536,1131.3509197999956,1136.3698581999631,1140.171995199984,1140.1720001999056,1141.689476499916,1142.7064898998942,q,12.0,3.8021370000205934,1,Correct,-12.57002125276141,0.5386136951988991,-0.7082877332661708,1127180.0,-7.566671295579232,0.332056858146057,0.36660680391240863,1130715.0,30.440120021063862,-0.02779867854266982,1.0378508066266736,1141051.0,1131.350705772445,1127.8157057724452,1141.686705772445
78,78,8,20,f,1,0,22.0,22,3,0,4 + 1 + 8 + 9 - 5,17,18,17,19,1144.2233598999446,1146.253217099933,1147.7683415999636,1152.7884627999738,1153.4278754999395,1153.427880899981,1154.9438262999756,1155.9609127999283,w,17.0,0.6394126999657601,1,Correct,1.2315605627698716,0.19978064647218385,-0.013288756124669732,1143598.0,-20.448174968506414,-0.3623526045176755,-0.8798535029780394,1147133.0,-15.352761512228888,-0.861734429961726,-1.221197042033383,1154306.0,1147.7687057724452,1144.233705772445,1154.9417057724452
79,79,8,20,f,1,0,23.0,23,4,0,3 + 9 - 5 + 6 + 8,21,22,21,23,1157.477627199958,1159.5062395998975,1161.0214572999394,1166.0400822999654,1169.9959252999397,1169.9959302999778,1171.5123772999505,1172.529913199949,e,23.0,3.9558429999742657,0,Incorrect,-27.569222380466936,0.4020286318012296,-0.5113498043430615,1156851.0,7.6518969302748125,0.3730901671125837,-5.938580817342858,1160385.0,32.62768696006464,-0.5941824716452588,0.9723081745081554,1170875.0,1161.0207057724451,1157.4867057724452,1171.5107057724451
80,80,8,20,f,1,1,24.0,0,3,0,2 + 3 + 9 - 4 + 1,11,12,11,9,1191.1836259999543,1193.211475299904,1194.7267357999226,1199.747069499921,1201.7238772999262,1201.7238825999666,1203.2406630999176,1204.2575289999368,w,11.0,1.97680780000519,1,Correct,1.1715186926776866,-0.587330362978868,0.36876554523284444,1190556.0,-5.081501596018404,-0.0005120986301063724,-2.1399997524504197,1194092.0,18.095601646271042,-0.8900550158468445,-0.41510111110549275,1202603.0,1194.7277057724452,1191.1917057724452,1203.2387057724452
81,81,8,20,f,1,1,25.0,1,3,0,2 + 9 - 3 + 4 + 1,13,13,11,14,1205.774204999907,1207.8033828999614,1209.3191050000023,1214.3379724998958,1217.6677896999754,1217.6677945998963,1219.1842063999502,1220.2011298999423,q,13.0,3.3298172000795603,1,Correct,0.6879045953340093,0.6961158592118348,-1.446834443799097,1205148.0,-2.063851340821015,0.24910500811628822,-1.9863638474058263,1208683.0,-2.8947426500458446,-0.4772860828051799,1.6809439059276228,1218546.0,1209.3187057724451,1205.783705772445,1219.1817057724452
82,82,8,20,f,1,1,26.0,2,2,0,9 + 4 + 5 + 1 - 1,18,19,18,17,1221.7181141999315,1223.7474037999054,1225.2627717999276,1230.2820421999786,1230.8437567999354,1230.8437617999734,1232.360593099962,1233.3776063999394,w,18.0,0.5617145999567583,1,Correct,25.048486299657853,-0.060634488699728095,-0.47609868683724166,1221092.0,-30.77491317526117,0.8599361264916947,-1.0709862673039723,1224627.0,9.75051190139143,0.045185687276201314,1.0812624434491473,1231723.0,1225.262705772445,1221.7277057724452,1232.358705772445
83,83,8,20,f,1,1,27.0,3,1,0,8 + 1 + 4 + 1 + 1,15,14,16,15,1234.8945284999209,1236.922568699927,1238.4382698999252,1243.4566859999904,1243.9797132998938,1243.979718199931,1245.4962976999814,1246.5130826999666,e,15.0,0.5230272999033332,1,Correct,-26.804342884708937,0.27715663297297866,-9.399083200973099,1234267.0,-30.65901608764426,-0.0236875874684932,-1.1913714883648998,1237802.0,12.763076537733284,-0.4673074044523551,1.06491236646076,1244858.0,1238.437705772445,1234.9027057724452,1245.493705772445
84,84,8,20,f,1,1,28.0,4,1,0,3 + 1 + 8 - 1 + 1,12,12,13,10,1248.029936299892,1250.0590421999805,1251.574285799987,1256.593095799908,1257.587818400003,1257.5878235999262,1259.104333599913,1260.121326399967,q,12.0,0.994722600094974,1,Correct,-11.566003409134499,0.5579102561803113,-0.36466561584231716,1247404.0,-6.949763905286428,0.20382633964338126,0.5235211926665038,1250938.0,-11.464015248265358,1.182058107672173,1.1844369379094362,1258467.0,1251.5737057724452,1248.0397057724451,1259.1027057724452
85,85,8,20,f,1,1,29.0,5,1,0,2 + 1 + 1 + 9 - 1,12,12,11,13,1261.6384783999529,1263.6666103999596,1265.181739999913,1270.202047699946,1271.0997426999966,1271.099747799919,1272.6162930999417,1273.6331782999914,q,12.0,0.8976950000505894,1,Correct,28.41248614171977,-0.5370885699461123,-0.261005421693536,1261011.0,17.037658284081537,0.189515204326681,0.6481027789418059,1264547.0,14.792498361753243,-0.35983548986958525,-0.3607993162230487,1271978.0,1265.1827057724452,1261.646705772445,1272.6137057724452
86,86,8,20,f,1,1,30.0,6,1,0,4 + 7 + 1 - 1 - 1,10,10,9,11,1275.1501237999182,1277.1784440999618,1278.6937058999902,1283.7129648999544,1284.4116657999111,1284.4116706999484,1285.928048899979,1286.9452662999977,q,10.0,0.6987008999567479,1,Correct,11.293267892032775,-0.5496934056878917,0.374820091646475,1274524.0,-1.8262195690173222,0.12754324735182365,-0.4662439340854849,1278058.0,16.90881544886995,0.30409398165743085,1.8544654126810034,1285290.0,1278.6937057724451,1275.159705772445,1285.925705772445
87,87,8,20,f,1,1,31.0,7,4,0,8 + 7 - 4 + 5 + 9,25,24,25,26,1288.4628302999772,1290.491721099941,1292.0069592999062,1297.027277899906,1300.051602399908,1300.051607299945,1301.568194399937,1302.5852474999847,q,24.0,3.024324500001967,0,Incorrect,29.394303428726417,-2.1394374582783335,0.7317938616811972,1287837.0,-43.51163856237276,0.11445837848386553,-0.6781079913891555,1291372.0,7.016841883875546,-0.36170137111177514,2.227249583680817,1300930.0,1292.0077057724452,1288.4727057724451,1301.5657057724452
88,88,8,20,f,1,1,32.0,8,1,0,2 + 9 + 1 + 1 + 1,14,13,14,12,1304.1021035999293,1306.1307568999473,1307.6458055999829,1312.6641976999815,1313.8597096999874,1313.8597148999106,1315.3759127999656,1316.3930920999264,w,14.0,1.1955120000056922,1,Correct,-1.632387301546645,-0.2866308301524745,-1.6587587861253672,1303476.0,-10.583984134144172,0.3885788847344678,-1.371396951956715,1307009.0,-99.75216979297673,-0.4377536752967979,0.4859788201763058,1314738.0,1307.6447057724451,1304.1117057724452,1315.3737057724452
89,89,8,20,f,1,1,33.0,9,1,0,6 + 9 + 1 + 1 - 1,16,16,15,14,1317.910897099995,1319.9398583999136,1321.454867499997,1326.4733047999907,1327.1557111999718,1327.1557165998966,1328.6723479999928,1329.6890812999336,q,16.0,0.6824063999811187,1,Correct,-6.9238502240862445,-0.29743722081944224,-1.380074248355493,1317285.0,21.14162484240139,-0.6833972624904989,0.23790714286241244,1320818.0,-54.53084969305155,0.6059828323584933,0.08945795776591403,1328034.0,1321.4537057724451,1317.9207057724452,1328.6697057724452
90,90,8,20,f,1,1,34.0,10,3,0,3 + 9 - 5 - 1 + 8,14,15,14,12,1331.2058734999737,1333.2355993998935,1334.7509119999595,1339.7696869999636,1344.0436191998888,1344.0436250999337,1345.560176400002,1346.577145599993,w,14.0,4.273932199925184,1,Correct,-30.983406737942957,0.42529377724311335,-0.2426550030680028,1330581.0,-8.594147483490955,-0.3015501919834209,0.016789141361288173,1334115.0,-25.65476737925077,0.7144888329517523,-0.20983749698019727,1344922.0,1334.7507057724451,1331.216705772445,1345.5577057724452
91,91,8,20,f,1,1,35.0,11,1,0,3 + 1 + 8 + 1 + 1,14,14,16,13,1348.0942591999192,1350.1221303999191,1351.6371944999555,1356.6564632999944,1357.7156256999588,1357.7156306999968,1359.2320879999315,1360.2493874999927,e,13.0,1.059162399964407,0,Incorrect,7.317751353734277,-0.5193289431273156,-0.680393830551953,1347467.0,-6.4830872965728235,-0.4200616384904139,4.057393883059215,1351002.0,11.126553666018546,-0.029124290086688376,2.302448864676424,1358594.0,1351.637705772445,1348.1027057724452,1359.2297057724452
92,92,8,20,f,1,1,36.0,12,1,0,7 + 1 + 6 + 1 + 1,16,18,16,17,1361.766290599946,1363.795204999973,1365.3107369999634,1370.328715599957,1371.4835943999933,1371.4835998999188,1373.000103599974,1374.017175599933,w,16.0,1.1548788000363857,1,Correct,13.208381418719537,-0.29925919110315924,-0.5994694955202835,1361140.0,13.420606878762865,0.005687308284101356,-0.6445756974950285,1364674.0,20.03361547400063,0.44629464799033336,-0.71152431790635,1372362.0,1365.309705772445,1361.7757057724452,1372.9977057724452
93,93,8,20,f,1,1,37.0,13,1,0,4 + 8 + 1 - 1 - 1,11,9,13,11,1375.5342010000022,1377.5632675999077,1379.07861899992,1384.0970618999563,1384.7235679998994,1384.723573599942,1386.2401010999456,1387.257739699911,e,11.0,0.6265060999430716,1,Correct,-66.75379698135548,0.5682303715756394,0.15879100404995672,1374908.0,-36.79024289864953,0.40058101909283916,-0.9767921177258199,1378442.0,4.5835523486276255,-0.23146871165732286,2.734000650098344,1385602.0,1379.0777057724451,1375.543705772445,1386.2377057724452
94,94,8,20,f,1,1,38.0,14,4,0,5 + 7 - 4 - 6 + 9,11,13,11,12,1388.7747631999664,1390.8035497999515,1392.3187417999145,1397.3382134999847,1401.211540899938,1401.211547199986,1402.7286316999234,1403.7455851999111,w,11.0,3.873327399953269,1,Correct,-17.62905273120648,0.009591003668566245,-1.0382195444483555,1388148.0,-8.246700916715236,0.13512034242451687,-1.21604791366242,1391683.0,20.252659010328372,0.31489910470048255,0.7996851002598566,1402091.0,1392.3187057724451,1388.783705772445,1402.726705772445
95,95,8,20,f,1,1,39.0,15,4,0,4 + 7 - 8 + 9 - 3,9,11,9,8,1405.2623638999648,1407.2915250998922,1408.8067884999327,1413.8270466999384,1417.0674716999056,1417.0674767999444,1418.5838820999488,1419.6012193999486,e,8.0,3.240424999967217,0,Incorrect,-14.527655345577273,0.4986911948775541,-0.05308792364380821,1404637.0,-2.937334810554603,0.49392667533105783,-0.02364845059328946,1408172.0,-9.432422634877973,0.5327717165089334,1.3776120521556745,1417946.0,1408.8077057724452,1405.272705772445,1418.581705772445
96,96,8,20,f,1,1,40.0,16,3,0,4 + 7 - 3 + 5 - 1,12,13,12,11,1421.1180240999674,1423.1454976999669,1424.6608531998936,1429.6812517999206,1430.9955592999468,1430.9955645999871,1432.5122469998896,1433.529514899943,w,12.0,1.3143075000261888,1,Correct,-0.2057864096297486,-0.5653544642204471,-0.4886925253512251,1420490.0,14.762831384227262,-0.5509632025341524,-0.016101474570991314,1424026.0,18.928590384405915,0.8810320807071195,0.3135219758144956,1431874.0,1424.6617057724452,1421.1257057724451,1432.5097057724452
97,97,8,20,f,1,1,41.0,17,3,0,7 - 1 + 8 - 6 + 4,12,11,13,12,1435.046224199934,1437.075098200003,1438.5901962999487,1443.61024119996,1447.5234694998944,1447.523474699934,1449.0399309999775,1450.0569460999686,e,12.0,3.913228299934417,1,Correct,-45.529570761551966,1.0964214813398039,1.247452578563907,1434420.0,-13.152277376202612,0.1733344363053142,-0.19141069453818904,1437955.0,-16.191389730339314,0.6621823033225143,3.3046635610908535,1448402.0,1438.590705772445,1435.0557057724452,1449.0377057724452
98,98,8,20,f,1,1,42.0,18,4,0,6 + 8 - 7 + 9 - 5,11,12,11,13,1451.5736403999615,1453.600979299983,1455.116108799935,1460.1362195999827,1465.1541644999525,1465.1541670999725,1466.6709690999703,1467.688742499915,,,,0,Too Slow!,21.45832449086227,0.01689610257890717,-1.6910781040819565,1450946.0,-17.61674462026449,0.47532523364534374,-0.4556763188339392,1454481.0,-32.80312993007454,0.07266142752343718,0.8590811043378492,1466034.0,1455.1167057724451,1451.581705772445,1466.6697057724452
99,99,8,20,f,1,1,43.0,19,4,0,2 + 9 - 6 + 8 - 4,9,7,9,11,1469.2055158999283,1471.2346193999983,1472.7497497999575,1477.770124399918,1479.5953572998988,1479.5953624999383,1481.1118982998887,1482.1292301999638,q,7.0,1.8252328999806195,0,Incorrect,4.221208311520863,-0.4760797032876454,2.964153976398072,1468580.0,5.043078031809067,0.42648285689492127,-0.23829805927251346,1472115.0,66.72610644810298,0.24079859990215802,2.557877090933774,1480474.0,1472.7507057724451,1469.215705772445,1481.109705772445
100,100,8,20,f,1,1,44.0,20,1,0,3 + 1 + 1 + 9 - 1,13,14,13,12,1483.6459696999518,1485.6742912000043,1487.1895980999109,1492.2080625999952,1492.819422099972,1492.819426999893,1494.3358422999736,1495.3526618999897,w,13.0,0.6113594999769703,1,Correct,11.907513377874839,0.5522655755508996,1.378819025702132,1483019.0,2.2389399470586326,0.16182746076509513,0.4647610176188728,1486553.0,-15.290471016008619,0.27915536301357147,-0.3747511557651997,1493698.0,1487.1887057724452,1483.6547057724451,1494.3337057724452
101,101,8,20,f,1,1,45.0,21,1,0,3 + 1 + 9 + 1 - 1,13,12,14,13,1496.8694781999802,1498.8966730999527,1500.4120650999248,1505.4306756999576,1506.0433542999672,1506.0433592998888,1507.5597443999725,1508.5774324999657,e,13.0,0.6126786000095308,1,Correct,-6.175135294824111,0.8891056348694901,-0.995954310519485,1496241.0,-61.25398501552477,-0.47309565216652594,0.608294876066755,1499776.0,8.884535538943624,0.27632968390854007,0.24656899010167166,1506922.0,1500.4117057724452,1496.8767057724451,1507.5577057724452
102,102,8,20,f,1,1,46.0,22,3,0,3 + 1 + 8 - 5 + 9,16,16,17,15,1510.094510999974,1512.1250257999636,1513.640315199969,1518.658928599907,1519.3232787000015,1519.3232840999262,1520.8396915999474,1521.8565931998892,q,16.0,0.6643501000944525,1,Correct,6.838965447153846,-0.11386979501032268,1.2574111572616964,1509469.0,-53.16929079644187,0.6238809640044387,-0.8406842348689052,1513004.0,17.145092181169783,-0.540251449294205,1.2295744456499182,1520201.0,1513.639705772445,1510.1047057724452,1520.8367057724452
103,103,8,20,f,1,1,47.0,23,4,0,7 + 8 - 4 + 6 + 5,22,22,21,23,1523.3736778999446,1525.4020948999096,1526.9174194999505,1531.936499799951,1536.9540511999512,1536.9540536999702,1538.4707552999023,1539.4890232000034,,,,0,Too Slow!,18.318024926913672,-0.08244482615382775,-0.6456623425856307,1522747.0,37.69744063019739,-0.21619491481194242,-0.5736982120358904,1526281.0,8.896600724867724,0.5437443499003889,-1.6753954620605986,1537834.0,1526.916705772445,1523.3827057724452,1538.4697057724452
104,104,8,20,f,1,2,48.0,0,4,0,9 + 3 - 5 + 8 + 6,21,19,23,21,1567.7355277999304,1569.7648240999551,1571.2802392999874,1576.300038699992,1578.0672412998974,1578.0672465999378,1579.5838213999525,1580.6009154999629,q,19.0,1.7672025999054313,0,Incorrect,7.701600658407649,-0.7958979412311527,0.6472400613471594,1567109.0,-17.120304889789153,-0.12190216612169147,0.7308757733945228,1570645.0,1.182593517862724,0.10551333866183743,0.8164640390939697,1578946.0,1571.2807057724451,1567.744705772445,1579.581705772445
105,105,8,20,f,1,2,49.0,1,4,0,9 + 7 - 5 + 8 + 6,25,27,25,24,1582.1176583999768,1584.146399499965,1585.6617235000012,1590.679865799961,1591.3712286999216,1591.3712334999582,1592.887814699905,1593.9048656999366,w,25.0,0.69136289996095,1,Correct,17.926608894342102,0.35972167716408743,-0.6349195797971623,1581491.0,-3.345082740979099,-0.10344731352121084,0.5263347162564029,1585025.0,40.49042538371511,0.19293339557056743,1.1850456982218738,1592250.0,1585.6607057724452,1582.1267057724451,1592.8857057724451
106,106,8,20,f,1,2,50.0,2,4,0,2 + 6 - 3 + 9 + 8,22,21,23,22,1595.4217432999285,1597.4501305999,1598.9655149999307,1603.984463699977,1608.7232091999613,1608.7232143,1610.239778899937,1611.2570529999211,e,22.0,4.738745499984361,1,Correct,19.48235758061503,0.04567656484416638,0.639627052580729,1594795.0,15.486453750149956,-0.14945803357914045,-0.7882504051832617,1598329.0,25.719434593268822,-0.11926233387880547,-0.9668879553524743,1609602.0,1598.964705772445,1595.4307057724452,1610.2377057724452
107,107,8,20,f,1,2,51.0,3,1,0,9 + 8 + 1 + 1 - 1,18,17,19,18,1612.773679899983,1614.8031520999502,1616.3184438999742,1621.338215900003,1621.931202199892,1621.931207299931,1623.4477048999397,1624.4646957999794,e,18.0,0.5929862998891622,1,Correct,-1.546102184065587,0.029022832909474605,0.7719749854910676,1612148.0,12.007638848833047,0.533213895002314,-0.9161607470776465,1615683.0,17.522644752980746,-0.03428416542674029,-0.9185653559142182,1622810.0,1616.3187057724451,1612.783705772445,1623.445705772445
108,108,8,20,f,1,2,52.0,4,1,0,6 + 9 + 1 + 1 - 1,16,16,15,14,1625.9814245000016,1628.010033599916,1629.5250413999893,1634.5440834999315,1635.3551676999778,1635.3551735999065,1636.8711744999746,1637.8878092999803,q,16.0,0.8110842000460252,1,Correct,31.922153978678615,0.23787194616417118,-0.5814075495572304,1625355.0,14.521437868712269,0.366167896065575,0.2773689060201532,1628888.0,-42.52485707270808,-0.37949799641722226,5.5371974434238,1636233.0,1629.523705772445,1625.9907057724452,1636.868705772445
109,109,8,20,f,1,2,53.0,5,4,0,5 + 7 - 4 + 8 + 6,22,24,22,23,1639.404817399918,1641.4337327999528,1642.9497378999367,1647.9681889999192,1650.315209699911,1650.315214899951,1651.8320431999164,1652.8495644999202,q,24.0,2.3470206999918446,0,Incorrect,-29.535335484869027,-0.056254838911256044,-1.7625667392013007,1638778.0,-15.615844310377994,0.44118600490318993,2.904431146645279,1642313.0,9.701941438073836,0.6898987167260859,1.5370193053855212,1651194.0,1642.9487057724452,1639.4137057724452,1651.829705772445
110,110,8,20,f,1,2,54.0,6,4,0,4 + 9 - 7 + 8 + 5,19,20,21,19,1654.36632609996,1656.3952029999346,1657.9104080999969,1662.9298488999484,1666.3711548999418,1666.371160199982,1667.887822199962,1668.905441599898,w,21.0,3.441305999993346,0,Incorrect,-27.7053870511001,0.0042460078632915454,1.107782063188326,1653740.0,-32.688456064314146,0.9830947482541754,-0.6299338591024402,1657274.0,-56.11570345429076,0.326596549557876,0.7048215595590843,1667250.0,1657.909705772445,1654.3757057724451,1667.8857057724451
111,111,8,20,f,1,2,55.0,7,2,0,7 + 5 + 1 - 1 - 8,4,2,4,3,1670.4221487999894,1672.451277899905,1673.9665288999677,1678.9866302999435,1682.6030982999364,1682.6031035999767,1684.1196186000016,1685.1367021999322,w,4.0,3.616467999992892,1,Correct,-11.812588179691465,-0.143836798990014,0.33830986066485824,1669796.0,18.417490348542856,0.11217888512047924,1.3577953187883427,1673332.0,31.187626422098162,0.40401536205678035,1.205044068748963,1683481.0,1673.9677057724452,1670.4317057724452,1684.1167057724451
112,112,8,20,f,1,2,56.0,8,4,0,7 + 8 - 4 + 6 - 5,12,13,12,11,1686.653432299965,1688.6823325000005,1690.1976130999392,1695.2179828999797,1699.9710926999103,1699.9710976999486,1701.4873834999744,1702.50443109998,w,12.0,4.753109799930826,1,Correct,3.7053836683860224,0.3847344215161961,0.14277244649390575,1686027.0,-10.678225548034735,0.2064501025137222,0.20699663089203568,1689563.0,-42.24787328416212,0.4948767826757585,3.8467963837088233,1700850.0,1690.1987057724452,1686.6627057724452,1701.485705772445
113,113,8,20,f,1,2,57.0,9,4,0,5 + 9 - 4 + 7 + 6,23,25,24,23,1704.0213602998992,1706.0503872999689,1707.5656281999543,1712.585939399898,1717.3870540999342,1717.387059599976,1718.9037086999742,1719.9207837999566,e,23.0,4.801114700036123,1,Correct,27.691271854035648,0.0391695127835785,0.054682466781311945,1703395.0,1.3815659617717309,-0.20621207373786454,-0.7567555008139548,1706931.0,13.091893679770095,-0.04378438366672999,1.614859626679075,1718265.0,1707.5667057724452,1704.0307057724451,1718.9007057724452
114,114,8,20,f,1,2,58.0,10,4,0,8 + 4 + 7 - 5 - 6,8,9,6,8,1721.4375637999035,1723.4662146999035,1724.981302699889,1730.001825299929,1735.018768299953,1735.0187708999729,1736.5353398999432,1737.553188299993,,,,0,Too Slow!,15.941509650682677,0.2714435637295365,-2.1223365313800198,1720811.0,-8.722968064353205,0.19997928623064887,0.5660408919980613,1724346.0,15.075811387710514,-0.006708646110850758,-1.1004781088865752,1735898.0,1724.9817057724451,1721.446705772445,1736.533705772445
115,115,8,20,f,1,2,59.0,11,2,0,3 - 1 + 9 - 5 + 1,7,6,7,5,1739.0702243999112,1741.0962348999456,1742.611352799926,1747.6308069999795,1751.8270149999298,1751.8270205999725,1753.3435952999862,1754.3610589999007,w,7.0,4.196207999950275,1,Correct,22.016626945598507,-0.4685029275507233,0.06385168468015223,1738441.0,2.0838543045947,0.009914566978724615,-0.934801210068466,1741976.0,-1.8109434080662155,-0.1009102301350735,1.609956619717904,1752706.0,1742.6117057724452,1739.0767057724452,1753.341705772445
116,116,8,20,f,1,2,60.0,12,1,0,5 + 6 + 1 + 1 + 1,14,16,14,13,1755.8779740999453,1757.904963299981,1759.420645999955,1764.4391773999669,1764.9469401999377,1764.9469449999742,1766.4633107999107,1767.4801922999322,w,14.0,0.5077627999708056,1,Correct,6.033139606687307,-0.7169946073607498,0.229667238001511,1755250.0,16.119780631424714,0.05499632678882449,-1.0141519870017808,1758784.0,-34.75000364824001,0.18544926248332505,0.2105516982436706,1765825.0,1759.4197057724452,1755.8857057724451,1766.4607057724452
117,117,8,20,f,1,2,61.0,13,2,0,7 + 6 + 1 - 1 - 8,5,3,5,4,1768.9969701999798,1771.0264729999471,1772.5418943999102,1777.5607385999756,1780.386953499983,1780.3869585999057,1781.9035529999528,1782.9207278999966,w,5.0,2.8262149000074714,1,Correct,-0.790493129512317,0.15873149204612336,-2.080021107357747,1768371.0,1.5499608115650467,0.5597290705410938,-1.4951936116153375,1771905.0,-0.8200817369911793,-0.07309798952225766,0.6389547894432379,1781265.0,1772.540705772445,1769.0067057724452,1781.9007057724452
118,118,8,20,f,1,2,62.0,14,1,0,6 + 1 + 1 + 7 - 1,14,12,14,13,1784.4373652999057,1786.4668242000043,1787.9822047998896,1793.0016133999452,1793.562990999897,1793.5629953999303,1795.0796641999625,1796.097022300004,w,14.0,0.5613775999518111,1,Correct,-22.858086770030443,-0.24542480580670478,-0.38660859579243034,1783811.0,-23.784115696325305,0.06711185965996691,0.8702649836377043,1787346.0,-21.081669473996293,-0.015335499977497058,-1.0613201437593363,1794442.0,1787.9817057724451,1784.446705772445,1795.0777057724451
119,119,8,20,f,1,2,63.0,15,2,0,6 + 1 + 1 + 7 - 9,6,6,4,8,1797.6143264999846,1799.6420255999546,1801.157122699893,1806.1759864999915,1807.034909699927,1807.034914799966,1808.5515839,1809.568303499953,q,6.0,0.8589231999358162,1,Correct,22.41287476370985,0.22726453979200567,2.5803536099360285,1796987.0,-17.098673518792793,0.2045043786738887,-1.4021664857410858,1800521.0,7.1069616673186164,-0.5107400790797065,-0.637443761199326,1807913.0,1801.156705772445,1797.6227057724452,1808.5487057724451
120,120,8,20,f,1,2,64.0,16,3,0,5 + 7 + 1 - 4 + 6,15,13,17,15,1811.0850493999897,1813.112369399984,1814.6276455998889,1819.6465325999309,1820.6108694999712,1820.6108742998915,1822.1269107999976,1823.1440314999784,e,15.0,0.9643369000405072,1,Correct,28.372382448865405,0.2807969868638409,-0.6117772927309204,1810457.0,-22.08797153513526,0.2674297603244984,-0.780928243180453,1813991.0,1.2912011445685003,0.021827873625516858,-0.6368482026541553,1821489.0,1814.6267057724451,1811.0927057724452,1822.1247057724452
121,121,8,20,f,1,2,65.0,17,2,0,9 + 1 + 6 + 7 + 1,24,24,23,25,1824.6607915998904,1826.6896559000013,1828.2045670999207,1833.2228090999413,1833.9468788999368,1833.946883999976,1835.463310999912,1836.4806841999523,q,24.0,0.7240697999950498,1,Correct,2.8982374736166214,-0.6213980449415493,-0.21696788991914762,1824034.0,-12.353936588300314,-0.7686211545260573,-0.03580198260686096,1827568.0,-30.530489323447913,-0.9102717436989898,0.19814232339521887,1834825.0,1828.2037057724451,1824.6697057724452,1835.4607057724452
122,122,8,20,f,1,2,66.0,18,2,0,9 + 7 + 1 + 5 - 1,21,22,21,23,1837.99821599992,1840.028310499969,1841.5435865999896,1846.5623156999936,1848.0348637999268,1848.0348694999705,1849.551368899993,1850.5683942999456,w,21.0,1.472548099933192,1,Correct,6.282160548572772,-1.0441323761632129,1.002251450246603,1837373.0,-5.313124845093331,0.1399027003379132,0.4304829407589805,1840907.0,44.12569453128328,-0.00581619826062596,-0.10622464642136364,1848913.0,1841.542705772445,1838.0087057724452,1849.5487057724451
123,123,8,20,f,1,2,67.0,19,1,0,2 + 1 + 9 + 1 + 1,14,12,13,14,1852.085281199892,1854.1151918999385,1855.6307255999416,1860.6488204998896,1861.4748507998884,1861.4748558999272,1862.9913868999568,1864.0083720999537,e,14.0,0.8260302999988198,1,Correct,-2.0770275255597994,0.22951550631975426,0.8156135473736805,1851459.0,-16.864961724208708,0.43597673205741927,-0.5065115591691116,1854994.0,18.36267445787844,-0.38443386289198056,-0.5317361396293663,1862353.0,1855.629705772445,1852.0947057724452,1862.9887057724452
124,124,8,20,f,1,2,68.0,20,1,0,9 + 1 + 1 + 7 - 1,17,17,19,16,1865.52590899996,1867.5542595000009,1869.069475499913,1874.0880913999863,1874.8108130999608,1874.8108180999989,1876.3271552999504,1877.344216199941,q,17.0,0.7227216999744996,1,Correct,-6.11709527051749,-0.09229733145502195,-0.7036368795994168,1864899.0,24.078657941783202,-0.40855704996669395,-0.09861046574765009,1868433.0,19.445651483330796,0.14163506957896477,-2.076719696925931,1875689.0,1869.0687057724451,1865.534705772445,1876.3247057724452
125,125,8,20,f,1,2,69.0,21,1,0,9 + 7 + 1 + 1 + 1,19,20,18,19,1878.8613456999883,1880.890116399969,1882.405298899976,1887.4237041999584,1888.0587781999493,1888.0587830999864,1889.5754439999585,1890.592275599949,e,19.0,0.6350739999907091,1,Correct,-3.8342270383445616,0.6959795990709132,0.6048014804024335,1878235.0,6.670639515452571,0.0770910563045657,-0.18716248345176556,1881768.0,29.06924360810135,-0.7177155727743552,-1.2063293654598537,1888937.0,1882.4037057724452,1878.870705772445,1889.572705772445
126,126,8,20,f,1,2,70.0,22,4,0,8 + 5 - 4 + 7 + 9,25,24,25,26,1892.10890189989,1894.136934599956,1895.652159799938,1900.6713725999,1905.3067934999708,1905.306799099897,1906.8234319998885,1907.840638699941,w,25.0,4.63542090007104,1,Correct,0.16384722393580375,-0.5777450185975281,1.1607236936783072,1891482.0,-54.607019354240244,0.05359539736101038,-1.6514756749476005,1895015.0,18.76731330782763,-0.044841295758579314,-0.006654009410254069,1906185.0,1895.6507057724452,1892.117705772445,1906.820705772445
127,127,8,20,f,1,2,71.0,23,3,0,3 + 1 + 6 - 8 + 9,11,11,13,12,1909.35779499996,1911.385128999944,1912.9003221999155,1917.9197697999189,1918.56278519996,1918.562790099997,1920.0795628998887,1921.096799599938,q,11.0,0.6430154000408947,1,Correct,9.42204328218229,0.02525629321679279,0.2009914355149336,1908730.0,-7.073797841002227,-0.001951120597269984,-0.8531498385488718,1912264.0,16.185646733973847,-0.34176792112079735,-10.690520740585304,1919441.0,1912.899705772445,1909.3657057724452,1920.0767057724452
128,128,8,20,f,1,3,72.0,0,3,0,5 + 6 - 4 - 1 + 8,14,15,16,14,1949.4628373999149,1951.4903626999585,1953.005333599984,1958.0247484999709,1959.730686199968,1959.730691799894,1961.2472386999289,1962.2645332999527,q,15.0,1.7059376999968665,0,Incorrect,-7.460644685214055,-0.2471360249901977,-1.5481194784250611,1948835.0,22.094206079678216,-0.06253453655603103,-0.6756387837741791,1952369.0,-64.41728224731794,0.4749187836680502,-0.5278284510359228,1960609.0,1953.004705772445,1949.4707057724452,1961.244705772445
129,129,8,20,f,1,3,73.0,1,2,0,3 + 9 - 1 - 6 + 1,6,4,5,6,1963.781351499958,1965.810128599988,1967.3253651999405,1972.344048299943,1973.3467341999053,1973.346739499946,1974.8631724999289,1975.8802298998928,e,6.0,1.002685899962671,1,Correct,15.922628952354012,0.31973837722037857,0.327679810420372,1963155.0,2.6371117561959707,-0.2548197750871788,0.16991046622376071,1966689.0,-43.36283455675012,0.03925246629637691,1.4862183375909739,1974225.0,1967.3247057724452,1963.790705772445,1974.860705772445
130,130,8,20,f,1,3,74.0,2,2,0,3 + 9 + 1 - 5 + 1,9,8,7,9,1977.3970757999923,1979.4245122999416,1980.939607699984,1985.9591991999189,1986.7386060999704,1986.7386109998915,1988.254937699996,1989.2718001999888,e,9.0,0.7794069000519812,1,Correct,-20.518006998919773,-0.5525416032880428,-1.907757157275606,1976769.0,-3.203691376023344,-0.16671463874255554,-0.35305755771484115,1980304.0,-9.766401347169978,-0.09277934760792306,-0.2018050822219597,1987617.0,1980.9397057724452,1977.4047057724451,1988.252705772445
131,131,8,20,f,1,3,75.0,3,4,0,2 + 9 - 3 + 5 + 8,21,21,23,22,1990.7884894999445,1992.8160256999545,1994.3309265999123,1999.350021999912,2003.618625699892,2003.6186308999315,2005.13498819992,2006.1520875999704,q,21.0,4.268603699980304,1,Correct,-39.06150204986417,-0.07902700399791662,2.2039305002802747,1990161.0,8.848960644846597,0.7470305898175491,-2.7557223294911015,1993695.0,1.3436373985683785,0.5787213736399055,1.1234808076284262,2004497.0,1994.330705772445,1990.7967057724452,2005.1327057724452
132,132,8,20,f,1,3,76.0,4,2,0,3 + 8 + 1 - 5 + 1,8,9,6,8,2007.6686923999805,2009.6983653999632,2011.2136195999333,2016.2332157999044,2018.9785886999448,2018.9785939999856,2020.4952286999903,2021.5124956999207,e,8.0,2.74537290004082,1,Correct,-7.971061612876909,0.8560315944052279,1.1974199814566084,2007042.0,0.6782972587106819,0.39671424396271426,-0.46515714062462354,2010578.0,3.6913529306646904,-0.22506007268517791,0.7318786683268126,2019857.0,2011.213705772445,2007.677705772445,2020.492705772445
133,133,8,20,f,1,3,77.0,5,2,0,7 + 1 + 9 - 1 - 8,8,7,6,8,2023.029506699997,2025.058558199904,2026.5735724999104,2031.5929120999065,2032.074565699906,2032.0745710999472,2033.591076099896,2034.6081763999537,e,8.0,0.481653599999845,1,Correct,-3.9994616221478574,0.3319705697606281,-0.6841302782973284,2022403.0,-4.872008807015075,0.035882330050911015,0.17927639549540686,2025937.0,3.986226683018147,-0.7604911369888816,1.2463948682755879,2032953.0,2026.572705772445,2023.0387057724452,2033.588705772445
134,134,8,20,f,1,3,78.0,6,3,0,6 + 1 + 8 + 7 - 9,13,13,14,15,2036.12495149998,2038.1554463999344,2039.6708306999644,2044.6899364999265,2048.410562099889,2048.41056749993,2049.9270795999328,2050.9440815999405,q,13.0,3.720625599962659,1,Correct,-2.8451033831069275,-0.3801788409519933,0.8750124519503197,2035500.0,-23.42841471400424,0.29287223199441303,-1.6762622162800263,2039034.0,12.36557409035031,-0.5195909496117608,1.7962565009188607,2049289.0,2039.6697057724452,2036.1357057724451,2049.9247057724456
135,135,8,20,f,1,3,79.0,7,1,0,6 + 9 + 1 + 1 - 1,16,15,16,14,2052.46070029994,2054.4874272999587,2056.002601899905,2061.02189689991,2061.6025153999217,2061.602520299959,2063.118891299935,2064.136159899994,w,16.0,0.5806185000110418,1,Correct,-36.42428125677339,0.4866098441055602,-0.14829514858878134,2051832.0,20.113008450798134,-0.453122337860032,-0.12792771926735025,2055366.0,14.589654398572899,0.20236735982480258,0.6547967856119401,2062481.0,2056.0017057724453,2052.4677057724452,2063.1167057724456
136,136,8,20,f,1,3,80.0,8,3,0,8 + 3 + 1 - 7 + 9,14,14,12,15,2065.652987499954,2067.6815785999643,2069.1967375999084,2074.215742499917,2077.090501399944,2077.090506699984,2078.607716899948,2079.624884199933,e,15.0,2.874758900026791,0,Incorrect,20.23876811427725,0.2217999250260423,0.832048739662441,2065026.0,15.259488332883924,0.5175605887693404,0.1695731426508056,2068560.0,-45.47686050993387,0.8217748100366187,4.672691966990524,2077969.0,2069.1957057724453,2065.661705772445,2078.6047057724454
137,137,8,20,f,1,3,81.0,9,1,0,5 + 8 - 1 + 1 + 1,14,14,16,12,2081.1425868999213,2083.1727890999755,2084.687841799925,2089.7065097999293,2090.410509999958,2090.410514899995,2091.9277353999205,2092.944739599945,q,14.0,0.7040002000285313,1,Correct,0.705513307763102,-0.08567766710330638,-0.7627685081454612,2080517.0,17.640657347434885,-0.27349852684231735,-0.05218976458418734,2084051.0,6.423225326755418,0.2450904259187059,-0.7932151403967334,2091289.0,2084.6867057724453,2081.152705772445,2091.9247057724456
138,138,8,20,f,1,3,82.0,10,2,0,6 + 1 + 8 + 7 - 1,21,21,23,19,2094.461511399946,2096.491070899996,2098.006286199903,2103.025168999913,2104.4344089999795,2104.4344146999065,2105.9508691999363,2106.9680754999863,q,21.0,1.4092400000663474,1,Correct,16.591095637678876,0.3667369179505693,2.0955381866391667,2093836.0,-59.23327984730001,-0.32456472799584457,-1.4156433068198808,2097370.0,8.40344255354232,-1.0980788267240156,-0.574097851842664,2105313.0,2098.0057057724453,2094.471705772445,2105.9487057724455
139,139,8,20,f,1,3,83.0,11,4,0,8 + 4 + 7 - 5 - 6,8,8,9,6,2108.484588099993,2110.514579999959,2112.0299378999043,2117.050161899999,2118.570430499967,2118.5704355998896,2120.086903999909,2121.1038505999604,q,8.0,1.5202685999684036,1,Correct,19.754834187788113,-0.25643923696729853,-0.3545991506857815,2107859.0,-45.43744646950766,-0.27317066779334276,0.3024419584751241,2111395.0,50.592550617702564,0.006377471466848306,0.7470924688727072,2119448.0,2112.0307057724453,2108.4947057724453,2120.0837057724452
140,140,8,20,f,1,3,84.0,12,1,0,2 + 9 + 1 + 1 + 1,14,13,12,14,2122.6209836999187,2124.6499684999,2126.164986599935,2131.183510399889,2131.842412899947,2131.842417899985,2133.3587503999006,2134.3755379999056,e,14.0,0.658902500057593,1,Correct,-9.384137069240673,0.06731460032992409,-0.7721757245542671,2121995.0,31.234751192855846,-0.6720266545701028,-0.9095311588647146,2125528.0,6.673472175871762,-0.2808553024717355,0.6684385771308619,2132720.0,2126.163705772445,2122.6307057724453,2133.355705772445
141,141,8,20,f,1,3,85.0,13,3,0,2 + 9 + 1 - 5 + 7,14,14,12,15,2135.892177999951,2137.919781799894,2139.4346310999244,2144.453327499912,2145.0183834999334,2145.018388199969,2146.5345004999544,2147.55185649998,q,14.0,0.5650560000212863,1,Correct,-24.259413915516014,-0.1466857108712789,-0.09250796603238598,2135264.0,-18.359402137700595,-0.426700912467294,-0.4129991368511572,2138798.0,44.71397594288859,0.6105996264191331,-0.48050395931738876,2145896.0,2139.433705772445,2135.8997057724455,2146.5317057724455
142,142,8,20,f,1,3,86.0,14,4,0,4 + 8 + 9 - 3 + 7,25,24,26,25,2149.068680599914,2151.0983935999684,2152.613634099951,2157.6326812999323,2161.514394899946,2161.514400299988,2163.030835999991,2164.0479676999385,w,26.0,3.881713600014336,0,Incorrect,-21.748781067703085,0.41639767558713814,0.9036211583865663,2148443.0,-27.59299556101289,-0.13018607310560082,0.3645211355530469,2151977.0,-8.430542078291666,-0.4341022963572394,0.8703425427188902,2162392.0,2152.612705772445,2149.0787057724456,2163.027705772445
143,143,8,20,f,1,3,87.0,15,3,0,9 - 1 + 5 - 6 + 8,15,17,14,15,2165.564543899964,2167.5919798999093,2169.1071577999974,2174.126698099892,2174.666402100004,2174.666406999924,2176.1829601998907,2177.200006600004,e,15.0,0.5397040001116693,1,Correct,-14.337778769279504,-0.06880433712552403,-1.3745985292869394,2164937.0,-31.05717375747424,0.6997749397815438,0.876088918609284,2168471.0,11.511059951211717,0.3374712695583568,1.3636046519884744,2175545.0,2169.1067057724454,2165.5727057724453,2176.1807057724454
144,144,8,20,f,1,3,88.0,16,4,0,3 + 9 - 5 + 8 - 7,8,8,7,9,2178.7171855999622,2180.7464949999703,2182.2617743999,2187.2808853999013,2188.33840769995,2188.3384128999896,2189.8550520999124,2190.872013299959,q,8.0,1.0575223000487313,1,Correct,-15.20563903575409,0.20112293513381108,0.5039965301728655,2178091.0,-1.4588108488356077,-0.20447014173919964,-1.3905436109363487,2181625.0,-14.631907575380506,-0.34637440852227375,0.8546028204051863,2189217.0,2182.2607057724454,2178.7267057724453,2189.8527057724455
145,145,8,20,f,1,3,89.0,17,2,0,5 + 7 - 1 + 1 + 9,21,19,22,21,2192.3891794999363,2194.4193425999256,2195.9342625999125,2200.9530591999646,2201.6422904999927,2201.642295599915,2203.1590374999214,2204.1759647999424,e,21.0,0.689231300028041,1,Correct,-55.29610803942591,0.31748192206347614,4.041543985113029,2191764.0,4.3568045322583995,0.26465087662901965,0.46869265215875355,2195298.0,-5.9784732224690735,0.3725740820667012,0.7044388357368492,2202521.0,2195.933705772445,2192.3997057724455,2203.1567057724455
146,146,8,20,f,1,3,90.0,18,4,0,7 + 6 + 8 - 4 + 5,22,21,23,22,2205.693178399932,2207.722954500001,2209.2381174999755,2214.2569994999794,2216.826320699998,2216.826326499926,2218.3429284999147,2219.360177799943,w,23.0,2.5693212000187486,0,Incorrect,17.185685068038396,-0.2589500553014563,0.5278326687457557,2205067.0,6.37742476649796,-0.2896589466092596,-0.8725274374672871,2208602.0,-24.43328289547638,-0.06212072664764445,-0.6822630438883586,2217705.0,2209.237705772445,2205.7027057724454,2218.3407057724453
147,147,8,20,f,1,3,91.0,19,3,0,8 - 1 + 6 - 7 + 5,11,12,11,13,2220.876891599968,2222.9059255999746,2224.4210040000034,2229.439798199921,2230.0342669999227,2230.0342715999577,2231.550928899902,2232.568286899943,w,11.0,0.5944688000017777,1,Correct,22.29024609965628,0.4011874824503687,-0.25167810176850924,2220250.0,-8.469900708618304,1.242469036293632,0.37834683621635534,2223785.0,-4.199539944713498,-0.7347238751903098,8.9849721957103,2230913.0,2224.420705772445,2220.8857057724454,2231.5487057724454
148,148,8,20,f,1,3,92.0,20,1,0,8 + 1 + 1 + 1 - 3,8,8,6,9,2234.085001999978,2236.113494199933,2237.628507899936,2242.6466578999534,2247.1142979,2247.114303199924,2248.630921099917,2249.6478302999167,q,8.0,4.467640000046231,1,Correct,-0.8549236232396358,0.4792876382018676,-4.4368053212244085,2233458.0,4.9684841612638095,-0.42048041243724965,3.3681059370254802,2236991.0,-18.243580659339614,-0.6127035458803141,2.352362841525281,2247993.0,2237.6267057724453,2234.0937057724454,2248.6287057724453
149,149,8,20,f,1,3,93.0,21,3,0,5 + 6 - 4 - 1 + 7,13,13,15,14,2251.164652299951,2253.1941429999424,2254.709472499904,2259.7298962998902,2260.3142738000024,2260.314279199927,2261.8309497999726,2262.8479433999164,q,13.0,0.5843775001121685,1,Correct,23.33788642379629,-0.4670830995761337,-0.5357832412652348,2250538.0,17.514933595267024,0.23649908482326865,-0.9289820521437893,2254074.0,-42.249110758016414,-0.39241589428538903,-0.7508013400909128,2261192.0,2254.7097057724454,2251.1737057724454,2261.8277057724454
150,150,8,20,f,1,3,94.0,22,2,0,6 + 1 + 1 + 8 - 9,7,5,7,9,2264.3655395999085,2266.394036999904,2267.90938889992,2272.927876999951,2274.234289099928,2274.234294299968,2275.7508820999647,2276.767960099969,w,7.0,1.306412099977024,1,Correct,-26.51374158165062,-0.19486785364375825,1.513758432107216,2263738.0,2.6954278646821432,-0.18366891468827795,-0.2572595998467406,2267272.0,1.6319963929932868,0.19483523399319225,0.5639690486845801,2275112.0,2267.9077057724453,2264.373705772445,2275.7477057724454
151,151,8,20,f,1,3,95.0,23,3,0,8 + 6 - 7 + 1 - 4,4,3,5,4,2278.2848726999946,2280.313932599965,2281.829228199902,2286.848464699928,2291.8651581999147,2291.865160599933,2293.381552499952,2294.3994538999395,,,,0,Too Slow!,-16.393927900296678,0.31855898406763217,-1.084460131018032,2277658.0,-24.16517496281033,0.5146392978098477,-0.142237857670362,2281193.0,5.521281865949081,0.04267692915915333,-0.14089607724155684,2292744.0,2281.8287057724456,2278.2937057724453,2293.3797057724455
152,152,8,20,f,1,4,96.0,0,1,0,7 + 1 + 5 + 1 - 1,13,12,14,13,2316.2781891999766,2318.3077151000034,2319.8229243999813,2324.84337779996,2325.370092099998,2325.370096799917,2326.8865175999235,2327.903547899914,e,13.0,0.526714300038293,1,Correct,-0.8664076543294641,-1.1700969819997842,-0.31157418125645187,2315652.0,-1.609818992120312,0.49675115521135726,-2.5129872347293603,2319188.0,-1.5307705405849852,-0.31970192091362737,0.5525914018068896,2326248.0,2319.8237057724455,2316.2877057724454,2326.8837057724454
153,153,8,20,f,1,4,97.0,1,2,0,5 + 1 + 7 - 6 + 1,8,6,7,8,2329.420120799914,2331.447564599919,2332.9628475999925,2337.9815635998966,2338.5141102999914,2338.514115399914,2340.030352299917,2341.0472403999884,e,8.0,0.5325467000948265,1,Correct,21.604092310583525,-0.6717701362651733,-1.0160854531860304,2328792.0,-12.410884804034477,-0.032787338370317,0.23064056623100715,2332326.0,-2.1793707258946178,0.053318973687094484,-2.09787460178711,2339392.0,2332.9617057724454,2329.4277057724453,2340.027705772445
154,154,8,20,f,1,4,98.0,2,1,0,7 - 1 + 1 + 9 - 1,15,13,14,15,2342.5640145998914,2344.59297759994,2346.1081739999354,2351.12688789994,2351.674061999889,2351.674066599924,2353.1898646999616,2354.2068803999573,e,15.0,0.5471740999491885,1,Correct,-3.519843381144547,0.18736053082439508,1.1710128875275414,2341937.0,27.54400084892667,-0.401097283516588,0.9180097256207826,2345472.0,9.678427102592396,0.6144987384314873,4.180373687252143,2352552.0,2346.1077057724456,2342.5727057724453,2353.1877057724455
155,155,8,20,f,1,4,99.0,3,1,0,7 + 1 + 4 + 1 - 1,12,13,14,12,2355.723631299916,2357.75307169999,2359.268469899893,2364.287105800002,2366.010078799911,2366.010084099951,2367.5266957998974,2368.5442024999065,e,12.0,1.7229729999089614,1,Correct,-11.695620696103424,0.200664155803699,-2.8098335814665125,2355097.0,0.38327106176450343,-0.1933376852432107,-1.5114017143968361,2358632.0,31.168814429378124,0.06031846081596459,0.8150897589191644,2366889.0,2359.2677057724454,2355.7327057724456,2367.5247057724455
156,156,8,20,f,1,4,100.0,4,2,0,4 + 9 - 7 + 1 - 1,6,6,5,8,2370.061404599925,2372.09035459999,2373.605541299912,2378.624852899928,2379.226067599957,2379.226072999998,2380.7420974998968,2381.7588084999006,q,6.0,0.6012147000292316,1,Correct,15.320516980523529,0.49741280887532513,-0.985864259419686,2369435.0,-72.62419193048883,0.4733752915338689,-3.0318552356842563,2372969.0,1.1190256612321363,0.519689984131575,-0.36227369008266663,2380104.0,2373.6047057724454,2370.0707057724453,2380.739705772445
157,157,8,20,f,1,4,101.0,5,2,0,5 + 9 + 1 - 1 + 8,22,23,22,21,2383.2758970999857,2385.305721199955,2386.821027499973,2391.8393901999807,2394.658054600004,2394.658059899928,2396.174397700001,2397.1913656999823,w,22.0,2.818664400023408,1,Correct,1.3900733629805684,-0.4245480713390464,1.5211066132924556,2382650.0,32.70741202714713,-0.35041874695631847,-0.6061796603220682,2386184.0,-8.572427352515348,0.27961074414796716,-1.2305432778535685,2395536.0,2386.8197057724456,2383.2857057724455,2396.1717057724454
158,158,8,20,f,1,4,102.0,6,4,0,7 + 6 - 9 + 8 - 3,9,8,7,9,2398.708180799964,2400.738105099997,2402.253102399991,2407.272133499966,2410.0500089999987,2410.0500142999226,2411.5666137998924,2412.5838320999173,e,9.0,2.7778755000326782,1,Correct,23.85462072691459,-0.6951522025313523,0.39396661043578085,2398083.0,-20.784833196813338,-0.307621026909608,-0.45551434269079305,2401617.0,-56.74821785122185,0.10036581349394247,0.20249005766505235,2410928.0,2402.2527057724456,2398.7187057724454,2411.5637057724452
159,159,8,20,f,1,4,103.0,7,3,0,6 - 1 + 7 - 8 + 9,13,11,12,13,2414.100566299981,2416.1301171999658,2417.645270799985,2422.664260799997,2427.1539841999765,2427.1539898999035,2428.670469799894,2429.68747939996,w,12.0,4.489723399979994,0,Incorrect,23.04799564519452,-0.05571735642879627,-0.8049420853973874,2413475.0,5.236945810180081,0.7057542636361092,-0.9777543521610088,2417009.0,-11.255735062600717,-0.03951173602220148,2.039482227291117,2428032.0,2417.6447057724454,2414.1107057724453,2428.6677057724455
160,160,8,20,f,1,4,104.0,8,2,0,8 + 1 + 9 + 1 - 5,14,15,13,14,2431.2042782999342,2433.2317782999016,2434.746680499986,2439.766451799893,2440.4579644999467,2440.4579696999863,2441.974458499928,2442.991566399928,e,14.0,0.6915127000538632,1,Correct,3.652204556666731,-0.17530411593523798,1.1105570391283157,2430576.0,15.868939732824124,-0.041692167753573095,6.514021601867762,2434111.0,21.903264615461744,0.019652164081906065,0.8207835206093952,2441336.0,2434.7467057724452,2431.2117057724454,2441.971705772445
161,161,8,20,f,1,4,105.0,9,3,0,3 - 7 + 5 + 1 + 9,11,12,11,13,2444.508664899972,2446.5371358999982,2448.052532799891,2453.071327499929,2457.361944199889,2457.3619490999263,2458.878811399918,2459.895874299924,e,13.0,4.290616699960083,0,Incorrect,6.374347498948957,0.12311840209219227,0.859893489350867,2443881.0,-37.37569612175638,-0.08373281170487612,-1.8421966904681994,2447416.0,-16.408525924839786,-1.0484824857638335,0.710207958031277,2458240.0,2448.0517057724455,2444.516705772445,2458.875705772445
162,162,8,20,f,1,4,106.0,10,1,0,4 - 1 + 8 + 1 + 1,13,13,14,12,2461.413184999954,2463.4409020999447,2464.956286599976,2469.975760499947,2470.5059030998964,2470.505908499937,2472.0224200999364,2473.039600799908,q,13.0,0.5301425999496132,1,Correct,-8.060520294870834,0.04580466074548539,-0.38982844792139293,2460785.0,-11.616849725331043,0.3424784637647198,-0.88228141454241,2464320.0,-58.56381777524181,-0.4522412653976646,1.6009459890390323,2471384.0,2464.9557057724455,2461.420705772445,2472.0197057724454
163,163,8,20,f,1,4,107.0,11,2,0,6 + 1 + 7 - 8 - 1,5,5,7,4,2474.556234599906,2476.585599199985,2478.1010118999984,2483.1196607999736,2487.297897099983,2487.297902399907,2488.813997399993,2489.8305783999385,q,5.0,4.178236300009303,1,Correct,12.108054315403642,0.42047796218939215,-0.9742762393470858,2473930.0,26.34867478406744,-0.4447262177198308,-1.9967197418815656,2477464.0,3.146321302458242,-0.26091182393872714,-0.10217122652373689,2488176.0,2478.0997057724453,2474.565705772445,2488.8117057724453
164,164,8,20,f,1,4,108.0,12,4,0,5 + 7 - 4 - 6 + 9,11,11,13,12,2491.3476847999264,2493.375524699921,2494.891324799973,2499.911578299944,2502.5058699999936,2502.505875499919,2504.0224320999114,2505.0396328999195,q,11.0,2.594291700050235,1,Correct,-33.005092421005116,0.033555641027841254,0.7875859792952893,2490720.0,-5.239049338343667,0.38316845475305783,-0.30063564453195735,2494256.0,13.68709624394892,-0.6176427094457724,2.9285442187836654,2503384.0,2494.891705772445,2491.355705772445,2504.0197057724454
165,165,8,20,f,1,4,109.0,13,2,0,8 + 1 + 9 + 1 - 4,15,16,14,15,2506.5565225000028,2508.585214699968,2510.100613899994,2515.1189151,2515.5858558999607,2515.585860899999,2517.102294399985,2518.1191099999705,e,15.0,0.4669407999608665,1,Correct,4.937084813843645,-0.18103989662482167,-0.1537851334121152,2505930.0,26.57814853028677,-0.047024152214751425,-0.6287391516934875,2509463.0,1.3568851386737961,-0.22437003468791872,1.9861042267590374,2516464.0,2510.0987057724456,2506.565705772445,2517.0997057724453
166,166,8,20,f,1,4,110.0,14,2,0,6 + 8 + 1 + 1 - 7,9,11,9,8,2519.635571199935,2521.665142599959,2523.1802621999523,2528.1990993999643,2528.9538401999744,2528.953844699892,2530.470596799976,2531.487737299991,w,9.0,0.7547408000100404,1,Correct,2.9929637475421096,-0.16627150695621307,0.17633713082010605,2519009.0,-4.672985288781334,0.5804858195624378,-0.31744231600020356,2522544.0,-0.9578697371585841,0.5650220094055847,-0.1302723381547537,2529832.0,2523.1797057724452,2519.6447057724454,2530.4677057724452
167,167,8,20,f,1,4,111.0,15,4,0,4 + 7 + 8 - 3 + 9,25,26,24,25,2533.0048971999204,2535.033870199928,2536.5491025999654,2541.567959499894,2542.705841899966,2542.705846800003,2544.222344699898,2545.240614799899,e,25.0,1.1378824000712484,1,Correct,0.7876848341436702,-0.3971827170461548,0.35400837470977553,2532378.0,44.459371089733295,-0.2514858780575535,0.3531658044891106,2535912.0,55.04508417671193,0.14839304063252978,1.4918162816810643,2543584.0,2536.547705772445,2533.0137057724455,2544.219705772445
168,168,8,20,f,1,4,112.0,16,2,0,5 - 1 + 1 + 8 + 9,22,23,21,22,2546.757936699898,2548.788948099944,2550.304341299925,2555.3230359999,2560.0017873999896,2560.001793299918,2561.5183936998947,2562.535445699934,w,21.0,4.678751400089823,0,Incorrect,-25.652907844735818,-0.27792832752933894,-1.388964507426092,2546133.0,1.513150669424574,0.5050354218395814,-1.36149798593984,2549667.0,-62.48981527013104,-0.5065159418232996,-0.05677461417532648,2560880.0,2550.3027057724453,2546.768705772445,2561.5157057724455
169,169,8,20,f,1,4,113.0,17,3,0,3 + 8 - 7 - 1 + 9,12,12,13,14,2564.052357199951,2566.079934499925,2567.5951433999,2572.615912899957,2573.1778220999986,2573.177826799918,2574.694143399945,2575.7119782998925,q,12.0,0.5619092000415549,1,Correct,1.0598035883567398,-0.14902081713905968,-0.30567727134943823,2563424.0,-22.66267511070439,-0.19450077621419748,-1.1002542081416822,2566960.0,16.659549994659272,0.569413322981843,1.0289279877331365,2574056.0,2567.5957057724454,2564.0597057724453,2574.6917057724454
170,170,8,20,f,1,4,114.0,18,2,0,4 + 8 + 1 + 1 - 6,8,8,9,7,2577.22870759992,2579.258244599914,2580.773298799992,2585.791637599934,2586.289733299985,2586.2897380999057,2587.806298399926,2588.823142199893,e,7.0,0.4980957000516355,0,Incorrect,19.529010621970713,0.2749672984916849,-0.704926073067349,2576602.0,13.785895981045863,0.1978390088374704,0.8803977296393519,2580136.0,15.37516183013593,-0.5351880458308145,0.11680788869055991,2587168.0,2580.7717057724453,2577.237705772445,2587.8037057724455
171,171,8,20,f,1,4,115.0,19,2,0,9 + 6 + 1 + 7 + 1,24,23,24,25,2590.340193299926,2592.370379399974,2593.8855436999584,2598.9039705999894,2601.833807499963,2601.833812900004,2603.3504239999456,2604.3673437999096,w,24.0,2.929836899973452,1,Correct,-1.9792244826430228,0.014119636160465632,-0.706685064492393,2589715.0,-17.04847206259242,0.5698959166961535,-1.0646569156104801,2593248.0,28.637056864798495,-0.355880416290125,-8.692057814633152,2602712.0,2593.8837057724454,2590.3507057724455,2603.3477057724454
172,172,8,20,f,1,4,116.0,20,3,0,9 + 3 - 4 + 6 + 7,21,22,21,23,2605.884228799958,2607.914214499993,2609.429433899932,2614.4478528999025,2619.465414299979,2619.4654165999964,2620.9817227999447,2622.000253499951,,,,0,Too Slow!,-0.8479491597882234,0.22287797243609875,-0.5052318393856385,2605259.0,4.974062726801684,-0.25176383779327693,0.0530078243992973,2608793.0,15.228897009556672,0.39074393726692414,-0.4026622842746468,2620344.0,2609.4287057724455,2605.8947057724454,2620.9797057724454
173,173,8,20,f,1,4,117.0,21,1,0,9 + 8 + 1 + 1 - 1,18,18,17,20,2623.5170866999542,2625.544451899943,2627.059693099931,2632.0791828999063,2632.673707499984,2632.673712299904,2634.1903777999105,2635.207721099956,q,18.0,0.5945246000774205,1,Correct,-33.971244709667275,0.03192733653683444,-0.8129324210806921,2622889.0,1.307304234354418,0.019329146989303325,-0.7226616120339422,2626424.0,23.47966002571264,-0.6625299137216425,-0.6435355444647763,2633552.0,2627.0597057724453,2623.5247057724455,2634.1877057724455
174,174,8,20,f,1,4,118.0,22,4,0,6 + 9 - 7 + 8 - 5,11,12,13,11,2636.7245503999293,2638.753288599896,2640.268430999946,2645.2875812998973,2650.185700299917,2650.185705699958,2651.7021687999368,2652.7192925999407,q,12.0,4.898119000019506,0,Incorrect,-0.07172336722229389,0.3775531662214897,0.07085281600275195,2636098.0,2.0265898656081873,-0.7108781445387313,-2.3070725129868617,2639632.0,-14.592457896316326,0.38681843104224756,1.767925931727718,2651064.0,2640.2677057724454,2636.7337057724453,2651.699705772445
175,175,8,20,f,1,4,119.0,23,3,0,2 + 1 + 9 - 4 + 6,14,15,16,14,2654.236108299927,2656.2622332999017,2657.7771313999547,2662.7984307999723,2667.017676899908,2667.017681999947,2668.5341961999657,2669.551396099967,e,14.0,4.2192460999358445,1,Correct,-6.2250275046292245,-0.3906100788125437,-0.49308633957805803,2653607.0,9.561907861459984,0.31724694396542485,0.4691945563141493,2657142.0,-32.96605917243501,-0.47816739638575756,-1.8214258156362284,2667896.0,2657.777705772445,2654.2427057724453,2668.5317057724455
176,176,8,20,f,1,5,120.0,0,2,0,9 + 5 - 6 + 1 - 1,8,9,8,7,2697.069965399918,2699.097374799894,2700.6126498999074,2705.6323913999368,2706.0896185999736,2706.0896284999326,2707.6061678999104,2708.6232650999445,w,8.0,0.4572272000368684,1,Correct,14.250071250582014,-0.12302318905484011,-0.7677918861288342,2696442.0,-8.271127387941267,0.3956460305736593,-0.8115219382638976,2699977.0,0.5175017585644177,0.336802939715076,-0.6466902688232654,2706968.0,2700.612705772445,2697.0777057724454,2707.603705772445
177,177,8,20,f,1,5,121.0,1,2,0,2 + 1 + 9 - 4 + 1,9,11,9,8,2710.139819199918,2712.167405699962,2713.6824777999427,2718.7016716999933,2719.3855389999226,2719.3855440999614,2720.9017394999973,2721.919030899997,w,9.0,0.6838672999292612,1,Correct,-19.939859872207244,-0.6147572739843516,-1.5404864298261804,2709512.0,-25.84361358401963,0.7017161047097176,-0.8169557310764493,2713046.0,-20.199228818409324,-0.32854230129315987,-0.31743535798807,2720263.0,2713.681705772445,2710.1477057724455,2720.8987057724453
178,178,8,20,f,1,5,122.0,2,1,0,8 - 1 + 1 + 6 + 1,15,14,16,15,2723.435884899925,2725.464498299989,2726.9797052999493,2731.997978999978,2732.529504899984,2732.529509499902,2734.0462026000023,2735.063350399956,e,15.0,0.5315259000053629,1,Correct,3.96602858829916,-0.053463641150438335,-0.36769352402955935,2722809.0,-3.94065448285094,-0.48535872532846724,0.2829345517983963,2726342.0,2.176471901439509,0.42036238332532694,-1.0076540401815102,2733408.0,2726.9777057724455,2723.4447057724456,2734.0437057724453
179,179,8,20,f,1,5,123.0,3,4,0,5 + 8 - 6 + 7 + 4,18,18,19,17,2736.579709499958,2738.609516699915,2740.124793899944,2745.1442426999565,2750.1618824999314,2750.1618849999504,2751.678283299901,2752.696121199988,,,,0,Too Slow!,4.684152689630257,0.20698736528567885,0.6793438917324686,2735954.0,13.82626651467601,0.7652386865318315,-1.8317425444580318,2739488.0,-56.404271579698225,-0.09159965955454119,5.035961254769507,2751040.0,2740.123705772445,2736.5897057724455,2751.6757057724453
180,180,8,20,f,1,5,124.0,4,1,0,2 + 1 + 9 + 1 - 1,12,11,12,13,2754.213039699942,2756.2402677999344,2757.7554555999814,2762.776016699965,2763.377483399934,2763.37748809997,2764.893457799917,2765.910814199946,w,12.0,0.6014666999690235,1,Correct,-18.376845980560972,-0.13650077448166442,-0.7412048143356493,2753584.0,-7.2558739837256,-0.08889637556164409,-0.7391483931740179,2757120.0,-23.588026176362316,0.5127120618917846,-1.3190720065307637,2764255.0,2757.7557057724453,2754.219705772445,2764.8907057724455
181,181,8,20,f,1,5,125.0,5,1,0,3 + 1 + 9 + 1 + 1,15,15,14,17,2767.427527499968,2769.456083399942,2770.971319599892,2775.989143199986,2776.753542399965,2776.7535512999166,2778.270165599999,2779.287705699913,q,15.0,0.7643991999793798,1,Correct,16.830005135492065,-0.11538268852624078,0.2016195525035096,2766800.0,16.602694577956395,0.05323620574553445,-0.38775600765314433,2770334.0,2.376679365499699,-0.1770100320253878,-0.6217955961104753,2777632.0,2770.969705772445,2767.4357057724455,2778.2677057724454
182,182,8,20,f,1,5,126.0,6,4,0,9 + 8 - 5 - 7 + 6,11,10,11,13,2780.804555599927,2782.8331080999924,2784.348339999909,2789.367524899892,2790.5614548999583,2790.561460500001,2792.077897499897,2793.09549899993,w,11.0,1.1939300000667572,1,Correct,-1.1806739463946343,-0.6039156098358909,0.3846316388495712,2780178.0,2.8970836171233714,0.5443953161039712,0.5888792357631649,2783712.0,34.94422754796511,-0.3084643702002019,-0.02316215336159555,2791440.0,2784.3477057724454,2780.8137057724452,2792.0757057724454
183,183,8,20,f,1,5,127.0,7,3,0,5 + 1 + 7 - 8 + 6,11,9,13,11,2794.612156999996,2796.6417780999327,2798.1570139999967,2803.1760049999,2806.00943789992,2806.0094428999582,2807.525596299907,2808.5427718999563,q,9.0,2.8334329000208527,0,Incorrect,-29.016467410771675,-0.20278799815031157,-0.8679336893321841,2793986.0,-25.874263470361363,-0.31186037623027296,-0.12280024287904734,2797520.0,-17.482417601647875,0.30321075579446166,1.9487262531678455,2806887.0,2798.1557057724453,2794.6217057724452,2807.5227057724455
184,184,8,20,f,1,5,128.0,8,4,0,6 + 9 + 7 - 3 - 5,14,15,14,13,2810.059808699996,2812.0890954999486,2813.604299899889,2818.6230759999016,2820.441366999992,2820.441372399917,2821.95767179993,2822.9750774999848,e,13.0,1.81829100009054,0,Incorrect,4.5619332883798975,-0.3003287482173844,-0.0030463301742296167,2809433.0,49.13954911537541,0.5974634920064261,2.161695144246157,2812967.0,-0.7895922337191443,-0.30071193225117643,0.5801126067271571,2821320.0,2813.6027057724455,2810.0687057724454,2821.9557057724455
185,185,8,20,f,1,5,129.0,9,3,0,6 - 1 + 7 - 8 + 9,13,12,11,13,2824.491726999986,2826.521248999983,2828.0365313999355,2833.055484099896,2838.071992699988,2838.07199509989,2839.588473299984,2840.606410299893,,,,0,Too Slow!,17.848040577784804,-0.5743490556440829,-0.30044715992051163,2823866.0,-7.850904484947121,-0.4135361327327747,1.9140200142922055,2827400.0,27.17912660798037,-0.35219571090496693,0.8195618659890194,2838951.0,2828.0357057724455,2824.5017057724453,2839.5867057724454
186,186,8,20,f,1,5,130.0,10,2,0,9 + 4 - 6 + 1 - 1,7,9,8,7,2842.122858499992,2844.1496047999244,2845.6648624999216,2850.684642499895,2852.2414166999515,2852.2414221999934,2853.757871499984,2854.774632799905,e,7.0,1.5567742000566795,1,Correct,-42.14410200190126,0.20615307309959885,2.3417275031829226,2841494.0,-11.065165034659673,-0.3469677783200753,-0.17429341230711515,2845029.0,-32.83124392480126,0.3486259429821965,-7.519406813153681,2853119.0,2845.6647057724454,2842.1297057724455,2853.7547057724455
187,187,8,20,f,1,5,131.0,11,3,0,7 + 5 + 9 + 1 - 6,16,16,14,15,2856.2914620999945,2858.320424499921,2859.835606399924,2864.8545144998934,2866.0572669999674,2866.057272399892,2867.573642299976,2868.590704799979,q,16.0,1.2027525000739845,1,Correct,3.3888515353857045,0.29327033340778375,0.9556297280227861,2855665.0,19.157004948268387,0.199641795003763,-3.926519059463743,2859199.0,-9.152639346395635,-0.381632080559994,-0.1941976586840175,2866935.0,2859.8347057724454,2856.3007057724453,2867.5707057724453
188,188,8,20,f,1,5,132.0,12,3,0,5 - 1 - 4 + 6 + 7,13,15,13,14,2870.1077647999628,2872.1364582999377,2873.651676199981,2878.670373299974,2879.289292200003,2879.289296999923,2880.805705499952,2881.8228673998965,w,13.0,0.6189189000288025,1,Correct,-5.046840751797234,0.16015750512185623,-0.16413486672083177,2869481.0,22.586794810223235,0.3806608129177258,-1.5174281661964475,2873015.0,-2.790232477228331,0.29310781648243367,1.818780337641396,2880167.0,2873.6507057724452,2870.1167057724456,2880.8027057724453
189,189,8,20,f,1,5,133.0,13,3,0,4 + 1 + 8 + 9 - 5,17,19,17,18,2883.3397689999547,2885.369318599929,2886.884531199932,2891.902967099916,2892.3852798999287,2892.385284999968,2893.901241699932,2894.9180328999646,w,17.0,0.4823128000134602,1,Correct,-12.579046858156259,-0.3448280425398904,0.7737381472779559,2882714.0,7.323989903020591,0.3527703279788934,0.94490383301902,2886247.0,-18.311899890201552,0.014364143839618038,-1.6408267108649728,2893263.0,2886.882705772445,2883.3497057724453,2893.8987057724453
190,190,8,20,f,1,5,134.0,14,2,0,9 + 6 + 1 + 7 + 1,24,23,24,25,2896.4356427999446,2898.4651897998992,2899.9805705999024,2904.999709900003,2905.5852366999025,2905.585241099936,2907.101623900002,2908.118972699973,w,24.0,0.5855267998995259,1,Correct,-20.5284894973553,0.12503283628242645,0.4503275359516721,2895809.0,8.19548618363213,-0.13152423654274337,-1.0958516729267629,2899344.0,-9.848135964524367,0.8107577019252403,0.023737259239724473,2906463.0,2899.9797057724454,2896.4447057724456,2907.0987057724456
191,191,8,20,f,1,5,135.0,15,4,0,9 + 4 - 6 + 8 + 7,22,22,21,24,2909.635589399957,2911.6626550999936,2913.17882999999,2918.197683599894,2921.201293299906,2921.201298299944,2922.71766929992,2923.7354152998887,q,22.0,3.0036097000120208,1,Correct,-52.708441976989924,1.2713627927315039,0.598219066571243,2909007.0,-12.22067147727422,-0.18713329841987214,-0.758299095004416,2912542.0,-27.14220781620146,-0.6765164680512346,3.1749840203223147,2922079.0,2913.1777057724453,2909.6427057724454,2922.7147057724455
192,192,8,20,f,1,5,136.0,16,2,0,4 + 7 + 1 + 1 - 8,5,4,7,5,2925.2521521999734,2927.2804641999537,2928.795668299892,2933.8158236999298,2936.32930089999,2936.329306599917,2937.8463230999187,2938.863373799948,e,5.0,2.5134772000601515,1,Correct,30.658115515825116,0.14841723282665598,-6.542465517323868,2924625.0,10.009246632023583,0.899383073399453,-1.2801281795548833,2928160.0,-9.058742497438175,0.03628076229241639,-0.5687572213574432,2937208.0,2928.795705772445,2925.2607057724454,2937.8437057724454
193,193,8,20,f,1,5,137.0,17,3,0,7 - 1 + 8 - 6 + 4,12,12,13,11,2940.3802652999293,2942.409074599971,2943.924253399949,2948.943021899904,2949.545237499988,2949.5452423999086,2951.061714499956,2952.0789101999253,q,12.0,0.6022156000835821,1,Correct,-22.252590270789693,0.06166326939909883,-0.02524704252740584,2939753.0,12.074997569251593,0.36699302641343223,0.0010137095948117292,2943287.0,4.933501367646592,0.23932882997961258,1.4835352225506462,2950423.0,2943.922705772445,2940.3887057724455,2951.058705772445
194,194,8,20,f,1,5,138.0,18,2,0,8 + 1 + 7 + 1 - 4,13,14,13,12,2953.5956089999527,2955.624223599909,2957.139187299996,2962.157934399904,2962.545176399988,2962.5451806999044,2964.061406499939,2965.0785897999303,w,13.0,0.3872420000843704,1,Correct,-1.0924919786639684,-0.8668825583487214,-1.3313655108685012,2952969.0,-6.613788256757815,-0.32525679031048327,-0.8425817029328773,2956502.0,-49.067022263244894,0.312438617464494,0.010984079269737101,2963423.0,2957.1377057724453,2953.6047057724454,2964.058705772445
195,195,8,20,f,1,5,139.0,19,2,0,5 + 9 - 8 + 1 + 1,8,8,7,9,2966.5954855999444,2968.624809699948,2970.14016499999,2975.158601299976,2977.369132499909,2977.3691377999494,2978.885662799934,2979.9028786999406,w,7.0,2.2105311999330297,0,Incorrect,-2.889122141652634,0.4811087039370836,-0.36856734567786464,2965969.0,15.757508400445357,-0.03783327642805112,-1.5914314273563237,2969503.0,-1.3778970718549814,0.12740225490631563,-0.4435385087898309,2978247.0,2970.1387057724455,2966.6047057724454,2978.882705772445
196,196,8,20,f,1,5,140.0,20,1,0,5 + 9 + 1 - 1 + 1,15,17,13,15,2981.4201712999493,2983.449926399975,2984.9654324000003,2989.984168799944,2990.665140499943,2990.6651448999764,2992.1816459998954,2993.1987086999,e,15.0,0.6809716999996454,1,Correct,-10.331995093902758,-0.31113891686158457,-0.1908143494367316,2980794.0,-43.870293893363595,-0.4160738282928582,0.3725882939834264,2984328.0,-3.536603048687166,-0.4409293347860599,-0.5936716978305192,2991543.0,2984.9637057724453,2981.4297057724452,2992.1787057724455
197,197,8,20,f,1,5,141.0,21,4,0,5 + 7 - 4 + 6 + 9,23,23,25,24,2994.715748299961,2996.745403899928,2998.260509899934,3003.2792654999066,3005.6171883998904,3005.617193799932,3007.1338135999395,3008.150774799986,q,23.0,2.337922899983824,1,Correct,-0.9605387542972892,0.890244897954017,-1.600745630526574,2994090.0,-11.392033873571219,0.14477107786116328,-0.21074848128224044,2997623.0,-16.137289813472172,0.4542329551972122,-0.12065122942769069,3006495.0,2998.2587057724454,2994.7257057724455,3007.1307057724453
198,198,8,20,f,1,5,142.0,22,2,0,3 + 9 - 1 - 5 + 1,7,6,7,5,3009.66756099998,3011.69623589993,3013.211406299961,3018.229895900004,3022.9771123999963,3022.977118199924,3024.4937419999624,3025.5107980999164,q,6.0,4.747216499992646,0,Incorrect,-54.22596114180643,0.29970599164723044,-1.5140208502593353,3009041.0,-18.757938112789525,0.6145030483791833,0.4747545790577319,3012574.0,-2.525520234357124,0.18220575148564233,-0.32116382864522786,3023855.0,3013.2097057724454,3009.6767057724455,3024.4907057724454
199,199,8,20,f,1,5,143.0,23,4,0,3 + 8 - 7 + 9 - 5,8,8,7,9,3027.027605499956,3029.0569402999245,3030.5723696999485,3035.592748799944,3037.737079999992,3037.737085099914,3039.2536446999293,3040.270964099909,q,8.0,2.1443312000483274,1,Correct,-2.4762808304631108,0.12423466710617426,0.5514621456255515,3026401.0,-40.29522229395297,-0.18321936974163666,0.6332031339908868,3029937.0,4.9084664206276,-0.12633719988473313,-0.41328643987333535,3038615.0,3030.5727057724453,3027.036705772445,3039.250705772445
