id,age,sex,cued,block,condtrial,trialinblock,efflev,rewlev,calc,corAns,option1,option2,option3,tstart,ITI1Time,probTime,respTime,selectTime,ITI2Time,fbTime,ITI3Time,key_press,chosenAns,RT,acc,feedback
003,21,f,0,Practice,NA,0,1,0,4 + 1 + 9 + 1 + 1,16,14,15,16,70.3532992999535,NA,70.35330149997026,75.57246579998173,76.58128729998134,76.58129320002627,78.09805549995508,79.12149109994061,e,16,1.0088214999996126,1,Correct
003,21,f,0,Practice,NA,1,1,0,3 + 1 + 1 + 8 - 1,12,11,12,10,80.63963989994954,NA,80.63964299997315,85.66264019999653,86.61337869998533,86.61338490003254,88.13055610004812,89.14898870000616,w,12,0.9507384999888018,1,Correct
003,21,f,0,Practice,NA,2,2,0,8 + 1 + 6 + 1 - 4,12,12,10,11,90.66662559995893,NA,90.66663120000158,95.68639589997474,96.65339690004475,96.6534026999725,98.17111390002538,99.18818970001303,q,12,0.9670010000700131,1,Correct
003,21,f,0,Practice,NA,3,2,0,9 + 4 - 6 + 1 - 1,7,6,7,5,100.70500820002053,NA,100.7050114000449,105.72402870003134,106.36509430001024,106.36510019993875,107.88105800002813,108.89805610000622,w,7,0.6410655999789014,1,Correct
003,21,f,0,Practice,NA,4,3,0,9 + 3 - 5 + 6 + 7,20,21,22,20,110.41492110001855,NA,110.41492420004215,115.43471369997133,121.82115480001085,121.82116139994469,123.33777410001494,124.3551931999391,e,20,6.386441100039519,1,Correct
003,21,f,0,Practice,NA,5,3,0,2 + 1 + 9 - 7 + 6,11,11,10,9,125.87235299998429,NA,125.87235590000637,130.89262139995117,133.84508370002732,133.84509029996116,135.36164829996414,136.38221840001643,e,9,2.9524623000761494,0,Incorrect
003,21,f,0,Practice,NA,6,4,0,4 + 8 + 5 - 3 + 7,21,21,22,23,137.89921069995034,NA,137.89921379997395,142.9198183999397,143.9972045000177,143.9972103999462,145.5137106999755,146.53174220002256,q,21,1.0773861000780016,1,Correct
003,21,f,0,Practice,NA,7,4,0,5 + 8 - 4 + 6 + 9,24,22,23,24,148.0490315000061,NA,148.04903450002894,153.06858349998947,158.1572169000283,158.15722269995604,159.6741901000496,160.6923259999603,q,22,5.088633400038816,0,Incorrect
003,21,f,0,0,0,0,2,0,4 + 8 + 1 + 1 - 5,9,11,9,8,167.88656499993522,NA,167.8865741000045,172.91075979999732,177.93847469997127,177.93847910000477,179.45500239997637,180.4772198999999,NA,NA,NA,0,Too Slow!
003,21,f,0,0,1,1,3,0,7 - 5 + 9 + 1 - 4,8,7,8,9,181.99417670001276,NA,181.99417940003332,187.01433080004063,190.2212849999778,190.22129060002044,191.7381316999672,192.756343999994,w,8,3.2069541999371722,1,Correct
003,21,f,0,0,2,2,2,0,7 + 8 + 1 + 9 + 1,26,24,26,25,194.2736594999442,NA,194.27366279996932,199.29405909997877,201.13321180001367,201.13321749994066,202.64978950005025,203.6677407999523,w,26,1.8391527000349015,1,Correct
003,21,f,0,0,3,3,2,0,3 + 8 - 5 + 1 + 1,8,6,9,8,205.18521839997265,NA,205.1852213999955,210.20385729998816,211.23720850003883,211.23721419996582,212.75409139995463,213.77176929998677,e,8,1.0333512000506744,1,Correct
003,21,f,0,0,4,4,4,0,6 + 7 + 9 - 3 + 5,24,23,22,24,215.28944239998236,NA,215.2894454000052,220.3095205000136,223.0451079000486,223.04511419998016,224.5619510000106,225.57977519999258,e,24,2.7355874000350013,1,Correct
003,21,f,0,0,5,5,1,0,4 + 9 + 1 - 1 - 1,12,12,13,11,227.09677850001026,NA,227.09678130003158,232.11676340003032,232.73312230000738,232.73312809993513,234.24961689999327,235.26771659997758,q,12,0.6163588999770582,1,Correct
003,21,f,0,0,6,6,4,0,5 + 6 - 4 + 7 + 9,23,23,25,24,236.78485729999375,NA,236.78486040001735,241.80572840000968,242.42104000004474,242.4210457999725,243.9378708000295,244.95623859995976,q,23,0.6153116000350565,1,Correct
003,21,f,0,0,7,7,1,0,7 - 1 + 9 + 1 - 1,15,13,15,14,246.47308409994002,NA,246.4730874999659,251.49350969993975,252.28511629998684,252.285122100031,253.80253330001142,254.82075089996215,w,15,0.7916066000470892,1,Correct
003,21,f,0,0,8,8,4,0,6 + 9 - 3 + 8 - 5,15,15,14,13,256.3377781000454,NA,256.33778099995106,261.3574843000388,261.885047400021,261.8850527999457,263.4015580000123,264.41966170002706,q,15,0.527563099982217,1,Correct
003,21,f,0,0,9,9,1,0,8 + 1 + 5 + 1 + 1,16,17,15,16,265.9368510999484,NA,265.936854199972,270.9563747999491,271.6450013000285,271.6450072999578,273.16244480002206,274.18082340003457,e,16,0.6886265000794083,1,Correct
003,21,f,0,0,10,10,1,0,7 + 1 + 4 + 1 - 1,12,13,11,12,275.6979026000481,NA,275.6979056999553,280.7183028999716,281.39709019998554,281.3970958000282,282.9137659999542,283.9319416999351,e,12,0.6787873000139371,1,Correct
003,21,f,0,0,11,11,3,0,7 - 6 + 8 + 1 + 7,17,15,17,16,285.44906030001584,NA,285.4490633000387,290.4693185000215,291.077073100023,291.0770783999469,292.5937442999566,293.611615599948,w,17,0.6077546000014991,1,Correct
003,21,f,0,0,12,12,1,0,8 + 1 + 1 + 1 - 4,7,7,8,5,295.12856179999653,NA,295.1285647000186,300.14808419998735,300.6850771999452,300.68508339999244,302.2017061000224,303.21987449994776,q,7,0.5369929999578744,1,Correct
003,21,f,0,0,13,13,1,0,3 + 1 + 8 + 1 + 1,14,12,14,13,304.7371859999839,NA,304.7371891000075,309.7741528999759,310.2929606999969,310.2929662000388,311.8098568000132,312.8371744999895,w,14,0.5188078000210226,1,Correct
003,21,f,0,0,14,14,4,0,2 + 9 - 4 + 8 + 7,22,23,22,21,314.35432319995016,NA,314.35432629997376,319.3747299000388,319.90111099998467,319.90111680002883,321.4185854999814,322.4364514000481,w,22,0.5263810999458656,1,Correct
003,21,f,0,0,15,15,1,0,8 + 1 + 1 - 1 - 4,5,6,3,5,323.95363839995116,NA,323.9536415999755,328.97350840002764,329.87681659997907,329.876822500024,331.39341909997165,332.41189220000524,e,5,0.9033081999514252,1,Correct
003,21,f,0,1,16,0,2,0,8 + 1 + 1 + 9 - 4,15,16,15,14,342.63843349996023,NA,342.6384358999785,347.6575580999488,348.15686460002325,348.156870399951,349.6734273999464,350.6915148999542,w,15,0.49930650007445365,1,Correct
003,21,f,0,1,17,1,2,0,3 + 1 + 8 - 5 - 1,6,6,7,5,352.2086620000191,NA,352.2086649000412,357.228493600036,357.7172490999801,357.71725600003265,359.23436190001667,360.25243550003506,q,6,0.48875549994409084,1,Correct
003,21,f,0,1,18,2,3,0,3 + 8 + 1 + 5 - 9,8,9,8,7,361.76989720005076,NA,361.76990029995795,366.78967560001183,370.1408811999718,370.1408873000182,371.6574799999362,372.67550819995813,w,8,3.3512055999599397,1,Correct
003,21,f,0,1,19,3,3,0,4 + 8 - 9 + 1 + 7,11,9,13,11,374.1929454000201,NA,374.1929483000422,379.2135838000104,379.8448509000009,379.84485650004353,381.36185530002695,382.37995530001353,e,11,0.6312670999905095,1,Correct
003,21,f,0,1,20,4,1,0,4 + 1 + 8 + 1 - 1,13,13,15,14,383.89697530004196,NA,383.8969782999484,388.9167783999583,389.4848074000329,389.4848131999606,391.0011269999668,392.01918519998435,q,13,0.5680290000746027,1,Correct
003,21,f,0,1,21,5,3,0,2 + 1 + 9 - 7 + 6,11,11,12,13,393.53657240001485,NA,393.5365754000377,398.556936900015,399.1408861000091,399.14089179993607,400.6578287000302,401.67613010003697,q,11,0.5839491999940947,1,Correct
003,21,f,0,1,22,6,4,0,3 + 8 - 5 + 9 - 7,8,6,7,8,403.1943284999579,NA,403.19433139998,408.2150365000125,410.5009166999953,410.5009240000509,412.0177746999543,413.0358772999607,e,8,2.2858801999827847,1,Correct
003,21,f,0,1,23,7,3,0,7 + 1 + 9 + 5 - 6,16,14,15,16,414.5532346999971,NA,414.5532376000192,419.5733430000255,422.8449238999747,422.84492970001884,424.36208889994305,425.3800556999631,q,14,3.2715808999491856,0,Incorrect
003,21,f,0,1,24,8,2,0,6 + 1 + 7 + 5 - 1,18,16,17,18,426.8971495999722,NA,426.897152599995,431.91731479996815,432.52476770000067,432.52477370004635,434.04118439997546,435.05960679997224,e,18,0.6074529000325128,1,Correct
003,21,f,0,1,25,9,2,0,8 + 1 + 4 - 7 + 1,7,7,5,6,436.5768685999792,NA,436.57687160000205,441.5971318000229,442.18881860002875,442.1888243999565,443.7062748000026,444.72471450001467,e,6,0.5916868000058457,0,Incorrect
003,21,f,0,1,26,10,2,0,4 + 9 + 1 - 7 - 1,6,6,8,5,446.2420428999467,NA,446.2420466999756,451.26260909996927,451.8366044999566,451.8366102,453.3534471000312,454.3715826999396,q,6,0.5739953999873251,1,Correct
003,21,f,0,1,27,11,3,0,6 - 8 + 5 + 7 + 9,19,17,18,19,455.88887509994674,NA,455.8888782999711,460.9094458000036,465.7407905999571,465.74079619999975,467.25779219996184,468.27537909999955,w,18,4.831344799953513,0,Incorrect
003,21,f,0,1,28,12,3,0,2 - 4 + 9 + 7 + 1,15,13,15,16,469.7925525000319,NA,469.7925557999406,474.81265149998944,475.69260710000526,475.6926130000502,477.21022330003325,478.22857259993907,e,16,0.8799556000158191,0,Incorrect
003,21,f,0,1,29,13,4,0,7 + 6 - 9 + 8 - 3,9,7,9,8,479.7456075999653,NA,479.74561079998966,484.76609779999126,488.17287050001323,488.17287639994174,489.6896459000418,490.7074353999924,w,9,3.4067727000219747,1,Correct
003,21,f,0,1,30,14,3,0,2 + 1 + 9 - 5 + 6,13,14,11,13,492.2247284000041,NA,492.2247313000262,497.2441710999701,497.9326890000375,497.9326946999645,499.4493452999741,500.46779050002806,e,13,0.6885179000673816,1,Correct
003,21,f,0,1,31,15,1,0,6 + 1 + 1 + 9 - 1,16,16,15,14,501.98500750004314,NA,501.98501049994957,507.0045435000211,507.83663819998037,507.8366441000253,509.3533702000277,510.37182010000106,q,16,0.8320946999592707,1,Correct
003,21,f,0,2,32,0,2,0,6 + 1 + 1 + 7 - 9,6,8,6,4,531.4939803000307,NA,531.4939826000482,536.51405290002,537.7086146000074,537.7086204999359,539.2624034000328,540.2804578000214,w,6,1.1945616999873891,1,Correct
003,21,f,0,2,33,1,4,0,2 + 9 - 4 + 8 + 7,22,21,22,23,541.7975653000176,NA,541.7975681000389,546.8179832999595,548.0526174999541,548.0526234999998,549.5698674999876,550.5882711999584,q,21,1.2346341999946162,0,Incorrect
003,21,f,0,2,34,2,4,0,5 + 8 - 4 - 6 + 9,12,12,14,13,552.1052045000251,NA,552.1052074000472,557.1249439000385,557.9406085000373,557.9406146999681,559.4574874000391,560.4753644999582,q,12,0.8156645999988541,1,Correct
003,21,f,0,2,35,3,3,0,6 + 8 + 7 + 1 - 9,13,13,15,14,561.9931021999801,NA,561.9931051000021,567.0138170999708,567.8605735000456,567.8605802999809,569.3771703999955,570.3955232000444,q,13,0.8467564000748098,1,Correct
003,21,f,0,2,36,4,3,0,5 + 6 + 7 - 1 - 9,8,8,7,9,571.912200300023,NA,571.9122033000458,576.933161300025,577.5806885999627,577.5806946000084,579.0978273999644,580.1158558999887,q,8,0.6475272999377921,1,Correct
003,21,f,0,2,37,5,1,0,8 + 1 + 1 + 1 - 4,7,8,7,5,581.6333649000153,NA,581.6333681000397,586.652892400045,587.1404513999587,587.1404572000029,588.6563335999381,589.6741596000502,w,7,0.48755899991374463,1,Correct
003,21,f,0,2,38,6,3,0,6 - 1 + 7 - 8 + 9,13,11,12,13,591.1912072999403,NA,591.1912103999639,596.2112429999979,598.5245721000247,598.5245781999547,600.0420332000358,601.0602383000078,w,12,2.313329100026749,0,Incorrect
003,21,f,0,2,39,7,4,0,4 + 7 + 8 - 3 + 9,25,25,24,26,602.5767196000088,NA,602.5767228000332,607.5974494999973,609.3406360000372,609.3406416999642,610.8576095999451,611.8759996000445,q,25,1.743186500039883,1,Correct
003,21,f,0,2,40,8,2,0,4 + 1 + 9 + 1 - 6,9,8,9,7,613.3931184000103,NA,613.3931215000339,618.4123956999974,619.204547900008,619.2045536999358,620.7215343000134,621.7394927999703,w,9,0.7921522000106052,1,Correct
003,21,f,0,2,41,9,1,0,2 + 1 + 1 + 7 + 1,12,12,11,14,623.2566220000153,NA,623.2566250000382,628.2770743999863,628.860564499977,628.8605705000227,630.3777834000066,631.3961070999503,q,12,0.5834900999907404,1,Correct
003,21,f,0,2,42,10,2,0,4 + 9 - 7 + 1 - 1,6,8,6,5,632.9134739999427,NA,632.9134768999647,637.9823807999492,638.4844409000361,638.4844465999631,640.0008384999819,641.0191146000288,w,6,0.5020601000869647,1,Correct
003,21,f,0,2,43,11,1,0,5 + 6 + 1 + 1 + 1,14,14,16,15,642.5364587999647,NA,642.5364618999884,647.5552724000299,648.2205240000039,648.2205297000473,649.7381370000076,650.7710482999682,q,14,0.665251599973999,1,Correct
003,21,f,0,2,44,12,4,0,8 + 4 + 7 - 5 - 6,8,9,7,8,652.2882890000474,NA,652.2882922999561,657.3095326999901,659.1964834999526,659.1964899000013,660.7130554999458,661.7312684999779,e,8,1.8869507999625057,1,Correct
003,21,f,0,2,45,13,2,0,7 + 6 + 8 + 1 + 1,23,23,21,22,663.2594606999774,NA,663.2594640000025,668.2798850999679,669.3005041000433,669.3005099999718,670.8173198000295,671.8360048000468,q,23,1.020619000075385,1,Correct
003,21,f,0,2,46,14,4,0,2 + 9 - 3 + 5 + 8,21,19,22,21,673.3533456999576,NA,673.3533484999789,678.3730292000109,679.4842640999705,679.4842705000192,681.0006293000188,682.0180929000489,e,21,1.111234899959527,1,Correct
003,21,f,0,2,47,15,4,0,7 + 8 - 9 + 6 - 3,9,9,8,7,683.5353381000459,NA,683.5353412999539,688.5556701000314,689.1003553000046,689.1003609000472,690.6175758000463,691.636003499967,q,9,0.5446851999731734,1,Correct
003,21,f,1,0,0,0,4,0,5 + 7 - 4 - 6 + 9,11,13,11,12,725.8105912000174,727.8383132000454,729.354042800027,734.3742030999856,734.9280373000074,734.9280424000463,736.4447814000305,737.4626159999752,w,11,0.5538342000218108,1,Correct
003,21,f,1,0,1,1,2,0,8 + 1 + 9 + 1 - 4,15,16,14,15,738.9791001999984,741.0573548999382,742.5720613000449,747.6054639000213,748.6259802000131,748.6259852999356,750.1424444000004,751.159619800048,e,15,1.0205162999918684,1,Correct
003,21,f,1,0,2,2,4,0,9 + 3 - 5 + 8 + 6,21,21,23,19,752.6763877000194,754.7053630000446,756.2207703000167,761.2399612000445,762.4179194000317,762.4179244999541,763.9345073000295,764.9516824999591,q,21,1.177958199987188,1,Correct
003,21,f,1,0,3,3,3,0,4 + 5 - 3 + 7 - 1,12,13,11,12,766.5133650000207,768.5504653999815,770.0656020999886,775.0846033999696,776.4258919999702,776.4258969000075,777.9423446999863,778.9595676000463,e,12,1.3412886000005528,1,Correct
003,21,f,1,0,4,4,4,0,2 + 9 - 3 + 5 + 8,21,21,23,22,780.4762881000061,782.5054835999617,784.0207916999934,789.03935430001,789.7539270999841,789.7539323000237,791.2702081999741,792.2872040000511,q,21,0.7145727999741212,1,Correct
003,21,f,1,0,5,5,4,0,4 + 8 + 9 - 3 + 7,25,25,24,26,793.8039448000491,795.8329161000438,797.3479958999669,802.3665644000284,804.5378813999705,804.5378864000086,806.0541355999885,807.0709635999519,q,25,2.1713169999420643,1,Correct
003,21,f,1,0,6,6,4,0,7 + 8 - 4 + 6 - 5,12,13,12,11,808.588674300001,810.617766499985,812.1327324999729,817.1517738000257,818.2978891000384,818.2978944999631,819.8141422000481,820.8313182999846,w,12,1.1461153000127524,1,Correct
003,21,f,1,0,7,7,3,0,8 - 1 + 6 - 7 + 5,11,11,12,13,822.3482022000244,824.3775209999876,825.8930969999637,830.9120511999354,831.6417998999823,831.6418050000211,833.1586383000249,834.1759462000336,q,11,0.7297487000469118,1,Correct
003,21,f,1,0,8,8,2,0,6 + 1 + 1 + 8 - 9,7,5,9,7,835.6924545000074,837.7207151999464,839.2359484999906,844.2543248999864,844.769838499953,844.7698433999904,846.2864528000355,847.3033811999485,e,7,0.5155135999666527,1,Correct
003,21,f,1,0,9,9,1,0,5 + 6 + 1 + 1 + 1,14,13,16,14,848.8202369000064,850.8529470999492,852.3681490999879,857.3857935999986,857.8418248000089,857.84183020005,859.3576311999932,860.3743101999862,e,14,0.4560312000103295,1,Correct
003,21,f,1,0,10,10,2,0,6 + 1 + 7 - 8 - 1,5,4,5,7,861.891218499979,863.9197467999766,865.434921600041,870.4631855000043,870.9217888000421,870.9217940999661,872.4377049000468,873.4547448999947,w,5,0.4586033000377938,1,Correct
003,21,f,1,0,11,11,1,0,4 - 1 + 8 + 1 + 1,13,13,14,12,874.9714109000051,877.0005347999977,878.5160672999918,883.5347021999769,884.2657513000304,884.2657566999551,885.7925687000388,886.8101141999941,q,13,0.7310491000534967,1,Correct
003,21,f,1,0,12,12,1,0,9 + 8 + 1 + 1 - 1,18,18,17,20,888.3269222000381,890.3554271999747,891.8706517999526,896.8902277000016,897.4897876000032,897.4897929000435,899.0061255999608,900.023107899935,q,18,0.5995599000016227,1,Correct
003,21,f,1,0,13,13,1,0,4 + 8 + 1 - 1 - 1,11,11,13,9,901.5810562999686,903.609968099976,905.1253190999851,910.1436901999405,910.5937157999724,910.593721000012,912.1103085000068,913.1271623000503,w,13,0.4500256000319496,0,Incorrect
003,21,f,1,0,14,14,4,0,4 + 7 - 8 + 9 - 4,8,7,8,9,914.6441373999696,916.6728074999992,918.1880052000051,923.2068030999508,926.0096413999563,926.0096467999974,927.5257490000222,928.5425308999838,e,9,2.802838300005533,0,Incorrect
003,21,f,1,0,15,15,1,0,2 + 9 + 1 + 1 + 1,14,13,14,12,930.0592390999664,932.0882344000274,933.6030163000105,938.6210875000106,939.0896236000117,939.0896283000475,940.6058778000297,941.6225747000426,w,14,0.4685361000010744,1,Correct
003,21,f,1,0,16,16,4,0,5 + 7 - 4 - 6 + 9,11,12,11,13,943.1395185999572,945.1672808999429,946.6824017999461,951.701417800039,952.1536336999852,952.1536393000279,953.6701810000231,954.6872048999649,w,11,0.45221589994616807,1,Correct
003,21,f,1,0,17,17,4,0,3 + 8 - 7 + 9 - 5,8,8,9,7,956.2041307999752,958.2337753999745,959.7490698000183,964.7678703999845,965.6176393999485,965.6176446999889,967.1343408999965,968.1511661999393,q,8,0.8497689999639988,1,Correct
003,21,f,1,0,18,18,4,0,6 + 8 - 7 + 9 - 5,11,13,12,11,969.6679344000295,971.6949476000154,973.210075299954,978.2305354999844,979.233571400051,979.233576699975,980.7498347000219,981.767580499989,e,11,1.0030359000666067,1,Correct
003,21,f,1,0,19,19,2,0,2 + 1 + 9 - 4 + 1,9,9,11,8,983.2846110999817,985.3129129000008,986.828214899986,991.8467388999416,992.4975227999967,992.4975275000324,994.0134404000128,995.0300847999752,q,9,0.650783900055103,1,Correct
003,21,f,1,0,20,20,1,0,7 - 1 + 1 + 9 - 1,15,15,14,13,996.5476560000097,998.5749891999876,1000.0903173999395,1005.1105156999547,1005.6495347999735,1005.6495399000123,1007.1659970999463,1008.182915500016,q,15,0.539019100018777,1,Correct
003,21,f,1,0,21,21,1,0,5 + 1 + 1 + 9 + 1,17,19,16,17,1009.6997985000489,1011.7287110999459,1013.2439377999399,1018.2718270999612,1018.7215523000341,1018.7215570999542,1020.2383701000363,1021.2557945000008,e,17,0.4497252000728622,1,Correct
003,21,f,1,0,22,22,1,0,2 + 1 + 9 + 1 - 1,12,11,13,12,1022.7729461999843,1024.8019797999877,1026.3170305000385,1031.3446942999726,1032.0975469000405,1032.0975520999637,1033.6139530999353,1034.6312567000277,e,12,0.7528526000678539,1,Correct
003,21,f,1,0,23,23,2,0,8 + 1 + 9 + 1 - 5,14,15,13,14,1036.1480529999826,1038.176716899965,1039.6918864999898,1044.7102341999998,1045.1935365999816,1045.1935417000204,1046.709996300051,1047.7273369999602,e,14,0.48330239998176694,1,Correct
003,21,f,1,1,24,0,4,0,5 + 7 - 4 + 6 + 9,23,25,23,24,1071.5494623000268,1073.577304400038,1075.0926059000194,1080.1128853999544,1081.897501999978,1081.897508300026,1083.4141077999957,1084.4456215000246,w,23,1.7846166000235826,1,Correct
003,21,f,1,1,25,1,2,0,8 + 1 + 7 + 1 - 4,13,13,12,14,1085.9622946999734,1087.9918299999554,1089.5071060999762,1094.5258980999934,1095.473468399956,1095.4734735999955,1096.9899370999774,1098.0075606999453,q,13,0.9475702999625355,1,Correct
003,21,f,1,1,26,2,2,0,9 + 5 - 6 + 1 - 1,8,9,7,8,1099.5244073000504,1101.5529185000341,1103.0686643000226,1108.1129388000118,1108.5934460000135,1108.59345080005,1110.1092152999481,1111.1262961999746,e,8,0.48050720000173897,1,Correct
003,21,f,1,1,27,3,4,0,6 + 9 + 7 - 3 - 5,14,14,15,13,1112.6427914999658,1114.6713410000084,1116.1865501999855,1121.20550000004,1122.585325699998,1122.5853306000354,1124.1019912000047,1125.118972999975,q,14,1.379825699958019,1,Correct
003,21,f,1,1,28,4,3,0,4 + 7 - 3 + 5 - 1,12,11,13,12,1126.6479908999754,1128.6767443999415,1130.192052999977,1135.2110077999532,1136.8254006999778,1136.8254058000166,1138.3421865999699,1139.3594970999984,e,12,1.6143929000245407,1,Correct
003,21,f,1,1,29,5,2,0,4 + 9 - 7 + 1 - 1,6,5,6,8,1140.8758824999677,1142.9050632000435,1144.4203267999692,1149.4393543000333,1149.8893065999728,1149.8893114000093,1151.4058624999598,1152.4230432000477,w,6,0.4499522999394685,1,Correct
003,21,f,1,1,30,6,2,0,9 + 4 - 6 + 1 - 1,7,9,7,8,1153.9399284999818,1155.9681470999494,1157.483379799989,1162.5017239999725,1162.8733746999642,1162.8733801000053,1164.3895709000062,1165.406607800047,w,7,0.37165069999173284,1,Correct
003,21,f,1,1,31,7,1,0,5 + 9 - 1 + 1 + 1,15,15,13,17,1166.9231087999651,1168.9514833999565,1170.4667824000353,1175.4858465000289,1176.2732243000064,1176.2732289000414,1177.7894409999717,1178.8064394999528,q,15,0.7873777999775484,1,Correct
003,21,f,1,1,32,8,4,0,7 + 6 + 8 - 4 + 5,22,23,21,22,1180.3230751999654,1182.3529323999537,1183.868077800027,1188.8868497000076,1189.6252644000342,1189.6252695999574,1191.1416603999678,1192.1586929999758,e,22,0.7384147000266239,1,Correct
003,21,f,1,1,33,9,1,0,9 + 7 + 1 + 1 + 1,19,18,20,19,1193.675766499946,1195.7049215999432,1197.2200997000327,1202.238540799939,1202.7692686000373,1202.7692737999605,1204.2852617000462,1205.3027004000032,e,19,0.5307278000982478,1,Correct
003,21,f,1,1,34,10,3,0,9 + 3 - 4 + 6 + 7,21,22,21,23,1206.8194027999416,1208.848196899984,1210.3635278999573,1215.3822264999617,1216.1692225999432,1216.169227699982,1217.6854165999684,1218.7024202999892,w,21,0.7869960999814793,1,Correct
003,21,f,1,1,35,11,4,0,2 + 5 - 3 + 9 + 8,21,22,19,21,1220.2190624000505,1222.2481029999908,1223.7632983999792,1228.781899399939,1229.8411697000265,1229.841174799949,1231.357564899954,1232.3747030999511,q,22,1.059270300087519,0,Incorrect
003,21,f,1,1,36,12,3,0,7 + 5 + 9 + 1 - 6,16,15,14,16,1233.8915113999974,1235.919883799972,1237.4349784000078,1242.453674599994,1243.001228200039,1243.0012330999598,1244.5182681999868,1245.535509899957,e,16,0.547553600044921,1,Correct
003,21,f,1,1,37,13,3,0,2 + 3 + 9 - 4 + 1,11,12,9,11,1247.052308500046,1249.082313299994,1250.597430899972,1255.6164013999514,1256.4652095000492,1256.4652145999717,1257.9820227000164,1258.9991920000175,e,11,0.8488081000978127,1,Correct
003,21,f,1,1,38,14,1,0,8 + 1 + 4 + 1 + 1,15,15,14,16,1260.515907199937,1262.5448589000152,1264.0599731999682,1269.0780015999917,1269.6811885000207,1269.6811934999423,1271.1975803000387,1272.2150880999397,q,15,0.6031869000289589,1,Correct
003,21,f,1,1,39,15,1,0,8 + 1 + 1 + 1 - 3,8,6,8,9,1273.731540699955,1275.760496999952,1277.275676399935,1282.2944573999848,1283.2332289000042,1283.2332339000423,1284.7496920999838,1285.7666578999488,w,8,0.9387715000193566,1,Correct
003,21,f,1,1,40,16,2,0,5 + 9 - 8 + 1 + 1,8,8,7,9,1287.2839185999474,1289.3145194000099,1290.829654000001,1295.8480944000185,1297.77710810001,1297.7771133000497,1299.2936071000295,1300.311331099947,q,8,1.9290136999916285,1,Correct
003,21,f,1,1,41,17,3,0,8 + 4 + 1 - 7 + 9,15,13,16,15,1301.8280237000436,1303.8556374999462,1305.3708230999764,1310.3906043999596,1310.9291371,1310.9291423000395,1312.445029699942,1313.4619879999664,e,15,0.5385327000403777,1,Correct
003,21,f,1,1,42,18,4,0,8 + 4 + 7 - 5 - 6,8,8,9,6,1314.978910899954,1317.0091247999808,1318.5242326000007,1323.543030599947,1324.2651093000313,1324.2651143999537,1325.781376900035,1326.7984277999494,q,8,0.7220787000842392,1,Correct
003,21,f,1,1,43,19,1,0,6 + 1 + 1 + 7 - 1,14,14,12,13,1328.3155582000036,1330.3436271999963,1331.8588904000353,1336.8774681999348,1337.3290934000397,1337.329098099959,1338.8454474000027,1339.8620838000206,q,14,0.4516252001048997,1,Correct
003,21,f,1,1,44,20,2,0,5 + 7 - 1 + 1 + 9,21,22,21,19,1341.3787287999876,1343.4061501999386,1344.9209946000483,1349.9397711999482,1350.865043799975,1350.865048800013,1352.3814386000158,1353.398459500051,w,21,0.9252726000268012,1,Correct
003,21,f,1,1,45,21,1,0,3 + 1 + 8 + 1 + 1,14,16,14,13,1354.9154267000267,1356.9450488999719,1358.4602813000092,1363.4787983000278,1363.9530326999957,1363.9530377000337,1365.4694255000213,1366.4867296000011,w,14,0.4742343999678269,1,Correct
003,21,f,1,1,46,22,1,0,5 + 8 - 1 + 1 + 1,14,16,14,12,1368.0034207999706,1370.0338075000327,1371.54906390002,1376.567153800046,1377.152928299969,1377.1529328000033,1378.6693859000225,1379.68590209994,w,14,0.5857744999229908,1,Correct
003,21,f,1,1,47,23,3,0,3 + 8 - 7 - 1 + 9,12,13,14,12,1381.2024346999824,1383.231338200043,1384.7465072999476,1389.76513970003,1390.3610217999667,1390.3610269000055,1391.8767691999674,1392.8937994999578,e,12,0.5958820999367163,1,Correct
003,21,f,1,2,48,0,1,0,9 + 1 + 1 + 7 - 1,17,17,19,16,1416.8372443999397,1418.8657055000076,1420.3809006999945,1425.4008587000426,1425.9209312000312,1425.9209368999582,1427.4372901000315,1428.4543832000345,q,17,0.5200724999886006,1,Correct
003,21,f,1,2,49,1,4,0,9 + 7 - 5 + 8 + 6,25,25,27,24,1429.9707857000176,1431.9998536000494,1433.5149924999569,1438.5339625000488,1439.1369464000454,1439.1369514999678,1440.653383799945,1441.6700594000285,q,25,0.602983899996616,1,Correct
003,21,f,1,2,50,2,3,0,7 - 1 + 8 - 6 + 4,12,11,13,12,1443.186837599962,1445.2164389999816,1446.7316628999542,1451.750050600036,1452.4009115999797,1452.4009170000209,1453.9176108000102,1454.9341268000426,e,12,0.6508609999436885,1,Correct
003,21,f,1,2,51,3,2,0,5 + 1 + 7 - 6 + 1,8,7,8,6,1456.450808799942,1458.4793323000195,1459.9946398000466,1465.0133215000387,1465.6888745999895,1465.6888796000276,1467.205178000033,1468.236095399945,q,7,0.6755530999507755,0,Incorrect
003,21,f,1,2,52,4,2,0,8 - 7 + 5 + 1 + 1,8,6,7,8,1469.7526548999595,1471.78204369999,1473.2971942999866,1478.3160985000432,1478.848894799943,1478.8488997999812,1480.365154900006,1481.3818716999376,e,8,0.5327962998999283,1,Correct
003,21,f,1,2,53,5,1,0,3 + 1 + 8 - 1 + 1,12,10,12,13,1482.8987011000281,1484.9273167999927,1486.4424788999604,1491.461701799999,1492.3368183999555,1492.3368236999959,1493.8547966999467,1494.8716601999477,w,12,0.8751165999565274,1,Correct
003,21,f,1,2,54,6,3,0,8 + 3 + 1 - 7 + 9,14,14,12,15,1496.3883289999794,1498.4154002999421,1499.9305754000088,1504.9493442999665,1507.3528609999921,1507.352866500034,1508.8691035000375,1509.8861075999448,w,12,2.403516700025648,0,Incorrect
003,21,f,1,2,55,7,4,0,8 + 4 - 5 + 7 - 6,8,7,6,8,1511.4029841000447,1513.431337099988,1514.9464098999742,1519.965320999967,1520.4167331999633,1520.4167375999968,1521.9330836000154,1522.9507012999384,e,8,0.4514121999964118,1,Correct
003,21,f,1,2,56,8,1,0,6 + 9 + 1 + 1 - 1,16,15,14,16,1524.4674765999662,1526.4959257999435,1528.0113516999409,1533.029601200018,1533.5767518000212,1533.5767568999436,1535.0926675000228,1536.1095917000202,e,16,0.5471506000030786,1,Correct
003,21,f,1,2,57,9,3,0,3 + 1 + 6 - 8 + 9,11,12,13,11,1537.6266819000011,1539.655703800032,1541.1709581000032,1546.1895765999798,1546.7367507000454,1546.736755699967,1548.253053399967,1549.2702710999874,e,11,0.5471741000656039,1,Correct
003,21,f,1,2,58,10,1,0,6 + 9 + 1 + 1 - 1,16,15,14,16,1550.7871344999876,1552.8164493000368,1554.3318153000437,1559.3502114999574,1559.8567635000218,1559.8567685999442,1561.372786700027,1562.3897048999788,e,16,0.5065520000644028,1,Correct
003,21,f,1,2,59,11,3,0,8 - 7 + 9 + 1 + 4,15,16,15,14,1563.9064401999349,1565.9344135000138,1567.4495107999537,1572.467912000022,1572.8807095999364,1572.880715199979,1574.3971833999967,1575.4142094999552,w,15,0.4127975999144837,1,Correct
003,21,f,1,2,60,12,3,0,3 + 1 + 8 - 5 + 6,13,14,15,13,1576.9312817000318,1578.960114400019,1580.4753128000302,1585.4945875999983,1586.216705400031,1586.2167103999527,1587.732959600049,1588.7499614999397,e,13,0.72211780003272,1,Correct
003,21,f,1,2,61,13,2,0,6 + 1 + 1 + 7 - 9,6,8,4,6,1590.2665766000282,1592.2958215000108,1593.810902899946,1598.8295921999961,1599.3926574999932,1599.392662600032,1600.9089903000277,1601.9260708999354,e,6,0.5630652999971062,1,Correct
003,21,f,1,2,62,14,4,0,8 + 7 - 4 + 5 + 9,25,25,24,26,1603.4426823999966,1605.4723304000217,1606.9870923999697,1612.006672599935,1612.584578400012,1612.584583100048,1614.1011012999807,1615.1180707999738,q,25,0.5779058000771329,1,Correct
003,21,f,1,2,63,15,4,0,7 + 8 - 4 + 6 + 5,22,22,23,21,1616.6347775999457,1618.6649263999425,1620.1810581999598,1625.1999782000203,1625.8405921999365,1625.8405970999738,1627.356396200019,1628.3736841999926,q,22,0.6406139999162406,1,Correct
003,21,f,1,2,64,16,1,0,5 + 9 + 1 - 1 + 1,15,15,13,17,1629.8904455000302,1631.9181061999407,1633.4514901000075,1638.469714900013,1638.9526276999386,1638.9526328999782,1640.4689265999477,1641.4859796999954,q,15,0.48291279992554337,1,Correct
003,21,f,1,2,65,17,4,0,4 + 7 + 9 - 5 + 7,22,24,23,22,1643.0026495000347,1645.032283199951,1646.5470165000297,1651.5658499000128,1652.080586600001,1652.0805917000398,1653.5968362999847,1654.6139848999446,e,22,0.5147366999881342,1,Correct
003,21,f,1,2,66,18,2,0,3 + 9 - 1 - 5 + 1,7,6,7,5,1656.1308039999567,1658.1585167000303,1659.6738979000365,1664.6942684999667,1665.2566030999878,1665.2566080000252,1666.7730771000497,1667.790094499942,w,7,0.5623346000211313,1,Correct
003,21,f,1,2,67,19,2,0,7 + 6 + 1 - 1 - 8,5,5,4,3,1669.3067352999933,1671.3351183000486,1672.8502108999528,1677.8687470000004,1678.4245734999422,1678.4245791999856,1679.9406026999932,1680.9577831999632,q,5,0.5558264999417588,1,Correct
003,21,f,1,2,68,20,1,0,6 + 1 + 8 + 1 - 1,15,13,14,15,1682.4743483000202,1684.5012880000286,1686.0165032999357,1691.036082800012,1691.5125798999798,1691.51258520002,1693.0283275999827,1694.045037199976,e,15,0.4764970999676734,1,Correct
003,21,f,1,2,69,21,4,0,6 + 9 - 7 + 8 - 5,11,11,12,13,1695.5620877000038,1697.5905410000123,1699.1061574999476,1704.1249609999359,1704.8165403000312,1704.8165453999536,1706.332991900039,1707.3504858999513,w,12,0.6915793000953272,0,Incorrect
003,21,f,1,2,70,22,2,0,5 - 1 + 1 + 8 + 9,22,21,23,22,1708.8671582000097,1710.896132600028,1712.4112161999801,1717.4295924999751,1717.8804491000483,1717.8804534999654,1719.396513100015,1720.413245099946,e,22,0.4508566000731662,1,Correct
003,21,f,1,2,71,23,2,0,9 + 1 + 6 + 7 + 1,24,23,24,25,1721.929859100026,1723.9595118999714,1725.474574699998,1730.4930653000483,1731.0004555999767,1731.000460100011,1732.5167698999867,1733.534126100014,e,25,0.5073902999283746,0,Incorrect
003,21,f,1,3,72,0,3,0,6 - 1 + 7 - 8 + 9,13,11,13,12,1760.5484795999946,1762.5776502999943,1764.092537199962,1769.1230516999494,1770.2643995999824,1770.264404400019,1771.7804369999794,1772.7975088999374,w,13,1.1413479000329971,1,Correct
003,21,f,1,3,73,1,2,0,3 - 1 + 9 - 5 + 1,7,6,7,5,1774.3148004999384,1776.343379399972,1777.8585062000202,1782.8770819000201,1783.1923690999392,1783.1923732999712,1784.7087897999445,1785.7258598000044,q,6,0.315287199919112,0,Incorrect
003,21,f,1,3,74,2,3,0,2 + 9 + 1 - 5 + 7,14,14,15,12,1787.243242299999,1789.2715389999794,1790.7869974999921,1795.8056248000357,1796.9523975000484,1796.9524030999746,1798.469067899976,1799.4862010000506,e,12,1.1467727000126615,0,Incorrect
003,21,f,1,3,75,3,3,0,9 - 1 + 5 - 6 + 8,15,15,17,14,1801.0022929999977,1803.031240500044,1804.546364299953,1809.5648586000316,1810.0803546999814,1810.0803600000218,1811.5961280999472,1812.613182000001,q,15,0.5154960999498144,1,Correct
003,21,f,1,3,76,4,4,0,3 + 9 - 5 + 6 + 8,21,22,21,23,1814.1300348000368,1816.1584369000047,1817.6732722000452,1822.6915991000133,1823.0883273000363,1823.0883316999534,1824.6048917999724,1825.6225825999863,w,21,0.3967282000230625,1,Correct
003,21,f,1,3,77,5,4,0,2 + 6 - 3 + 9 + 8,22,22,23,21,1827.1393321000505,1829.1672313000308,1830.6825044000288,1835.7009788999567,1836.1443360999692,1836.1443411000073,1837.6601735999575,1838.677119,q,22,0.4433572000125423,1,Correct
003,21,f,1,3,78,6,4,0,2 + 9 - 6 + 8 - 4,9,7,11,9,1840.1936477000127,1842.2234514999436,1843.7383902999572,1848.756683500018,1849.3762889000354,1849.3762939999579,1850.892733899993,1851.9096370999468,e,9,0.6196054000174627,1,Correct
003,21,f,1,3,79,7,2,0,7 + 1 + 9 - 1 - 8,8,7,6,8,1853.4262959000189,1855.456018100027,1856.9712331000483,1861.9905830000062,1862.384200999979,1862.3842061000178,1863.9008451999398,1864.9177105999552,e,8,0.3936179999727756,1,Correct
003,21,f,1,3,80,8,4,0,8 + 5 - 4 + 7 + 9,25,25,26,24,1866.4346246999921,1868.462861099979,1869.9783283999423,1874.997157500009,1875.520257600001,1875.5202624000376,1877.0367393000051,1878.0536146999802,q,25,0.523100099992007,1,Correct
003,21,f,1,3,81,9,4,0,7 + 6 - 9 + 8 - 3,9,9,7,8,1879.5699988999404,1881.5979098000098,1883.113192699966,1888.1320796000073,1890.512202700018,1890.5122081999434,1892.0295994000044,1893.0469258000376,q,9,2.380123100010678,1,Correct
003,21,f,1,3,82,10,2,0,6 + 1 + 8 + 7 - 1,21,23,21,19,1894.5633633999387,1896.5919340000255,1898.1071991999634,1903.1260357999709,1903.5361828999594,1903.536187699996,1905.0527386999456,1906.0694825999672,w,21,0.41014709998853505,1,Correct
003,21,f,1,3,83,11,2,0,9 + 6 + 1 + 7 + 1,24,25,23,24,1907.5860019000247,1909.616275300039,1911.1315427999943,1916.1496790000238,1916.9202213999815,1916.9202266000211,1918.4364743999904,1919.4534360000398,e,24,0.7705423999577761,1,Correct
003,21,f,1,3,84,12,2,0,5 + 9 + 1 - 1 + 8,22,21,22,23,1920.9703612000449,1922.9988290000474,1924.5140791999875,1929.5323775999714,1930.0321981000016,1930.0322031000396,1931.548682200024,1932.565650500008,w,22,0.4998205000301823,1,Correct
003,21,f,1,3,85,13,4,0,4 + 7 - 8 + 9 - 3,9,11,9,8,1934.0819561999524,1936.1111399999354,1937.626786399982,1942.6451380000217,1943.8562080999836,1943.8562140000286,1945.3725868000183,1946.3902755000163,w,9,1.211070099961944,1,Correct
003,21,f,1,3,86,14,4,0,3 + 9 - 5 + 8 - 7,8,7,9,8,1947.9069207999855,1949.9357160000363,1951.4504117999459,1956.469124599942,1956.9361477999482,1956.9361525999848,1958.4526748999488,1959.469694099971,e,8,0.4670232000062242,1,Correct
003,21,f,1,3,87,15,3,0,3 - 7 + 5 + 1 + 9,11,11,13,12,1960.9862336999504,1963.016164700035,1964.531470200047,1969.5503813000396,1970.0321675000014,1970.0321726000402,1971.5485264000017,1972.565339499968,q,11,0.48178619996178895,1,Correct
003,21,f,1,3,88,16,1,0,4 + 1 + 1 + 7 - 1,12,12,14,13,1974.0820200999733,1976.1100557999453,1977.624995799968,1982.643390799989,1983.4721532999538,1983.4721583999926,1984.9892148999497,1986.0060099000111,q,12,0.828762499964796,1,Correct
003,21,f,1,3,89,17,3,0,3 + 8 - 7 + 1 + 9,14,12,13,14,1987.5229768999852,1989.5513230999932,1991.0665572000435,1996.085217999993,1996.7440110000316,1996.744015699951,1998.2603574999375,1999.2776719999965,e,14,0.6587930000387132,1,Correct
003,21,f,1,3,90,18,4,0,5 + 9 - 4 + 7 + 6,23,25,23,24,2000.7948370999657,2002.8243957000086,2004.3395973000443,2009.35819910001,2009.8560800999403,2009.8560851999791,2011.3723647999577,2012.3889680999564,w,23,0.49788099993020296,1,Correct
003,21,f,1,3,91,19,3,0,4 + 7 + 1 + 9 - 5,16,17,18,16,2013.9057352000382,2015.9342128999997,2017.4493479999946,2022.467856299947,2023.6960765999975,2023.6960816000355,2025.2124961999943,2026.2296237000264,e,16,1.2282203000504524,1,Correct
003,21,f,1,3,92,20,2,0,7 + 5 + 1 - 1 - 8,4,4,2,3,2027.74660329998,2029.775308900047,2031.290456800023,2036.3093131999485,2038.8000081999926,2038.8000145000406,2040.3164453000063,2041.3333120000316,q,4,2.49069500004407,1,Correct
003,21,f,1,3,93,21,2,0,9 + 7 + 1 + 5 - 1,21,23,21,22,2042.8503647999605,2044.879540599999,2046.394670199952,2051.4136298999656,2052.05602420005,2052.056029099971,2053.5717898999574,2054.588670099969,w,21,0.6423943000845611,1,Correct
003,21,f,1,3,94,22,3,0,9 + 5 + 1 - 6 + 7,16,15,16,18,2056.105278800009,2058.13400239998,2059.6493058999768,2064.66844899999,2065.6160080999834,2065.6160132000223,2067.132254599943,2068.149230799987,w,16,0.9475590999936685,1,Correct
003,21,f,1,3,95,23,2,0,4 + 8 + 1 + 1 - 6,8,9,8,7,2069.6658557000337,2071.695545100025,2073.2106485000113,2078.229071700014,2078.6479636000004,2078.6479685000377,2080.1647754999576,2081.181881599943,w,8,0.4188918999861926,1,Correct
003,21,f,1,4,96,0,4,0,4 + 7 + 8 - 3 + 9,25,25,24,26,2129.764159500017,2131.792911799974,2133.3081974999513,2138.328754700022,2138.91989749996,2138.9199022999965,2140.4364070999436,2141.4534817000385,w,24,0.5911427999380976,0,Incorrect
003,21,f,1,4,97,1,1,0,3 + 1 + 1 + 9 - 1,13,14,13,12,2142.970229299972,2145.0003196999896,2146.5155259999447,2151.534031099989,2151.97588110005,2151.9758861999726,2153.491612700047,2154.5085066000465,w,13,0.44185000006109476,1,Correct
003,21,f,1,4,98,2,4,0,9 + 8 - 5 - 7 + 6,11,13,10,11,2156.025163699989,2158.053465200006,2159.5686268999707,2164.5876349000027,2165.951858400018,2165.9518637999427,2167.4687902999576,2168.485936800018,e,11,1.364223500015214,1,Correct
003,21,f,1,4,99,3,1,0,7 + 1 + 4 + 1 - 1,12,13,12,14,2170.002971100039,2172.028861299972,2173.543988700025,2178.562597500044,2178.9438275999855,2178.9438330000266,2180.4597388999537,2181.4770131999394,w,12,0.38123009994160384,1,Correct
003,21,f,1,4,100,4,4,0,4 + 9 - 7 + 8 + 5,19,19,20,21,2182.994099000003,2185.023325499962,2186.5384065000108,2191.557817499968,2192.0397981000133,2192.0398035999388,2193.5560676000314,2194.5731800999492,q,19,0.4819806000450626,1,Correct
003,21,f,1,4,101,5,3,0,2 + 1 + 9 - 4 + 6,14,14,16,15,2196.0899345000507,2198.1186736000236,2199.6335603999905,2204.6519316999475,2206.2317867999664,2206.2317923000082,2207.7480614000233,2208.7652899000095,q,14,1.5798551000189036,1,Correct
003,21,f,1,4,102,6,3,0,3 + 9 - 5 - 1 + 8,14,12,14,15,2210.282221499947,2212.3120021000504,2213.8272604999365,2218.8457854000153,2219.7037517999997,2219.70375710004,2221.219591800007,2222.2366545000114,w,14,0.8579663999844342,1,Correct
003,21,f,1,4,103,7,4,0,5 + 8 - 6 + 7 + 4,18,17,19,18,2223.753244600026,2225.78096080001,2227.2961032999447,2232.3151288999943,2232.5357010000153,2232.5357054000488,2234.051540000015,2235.068477599998,e,18,0.22057210002094507,1,Correct
003,21,f,1,4,104,8,2,0,7 + 6 + 1 + 8 + 1,23,21,23,22,2236.585608399939,2238.61480510002,2240.13004790002,2245.1492449999787,2245.9277150999987,2245.9277202000376,2247.4444010000443,2248.4614463000325,w,23,0.7784701000200585,1,Correct
003,21,f,1,4,105,9,1,0,4 + 7 + 1 - 1 - 1,10,9,10,11,2249.978466099943,2252.0078365999507,2253.522932199994,2258.5416358000366,2258.863686900004,2258.8636917000404,2260.3801721000345,2261.3970097999554,q,9,0.3220510999672115,0,Incorrect
003,21,f,1,4,106,10,1,0,7 + 1 + 5 + 1 - 1,13,13,12,14,2262.913644999964,2264.942289800034,2266.4575835999567,2271.47629599995,2271.9596459999448,2271.9596511999844,2273.4759576000506,2274.492953100009,q,13,0.48334999999497086,1,Correct
003,21,f,1,4,107,11,3,0,5 + 1 + 7 - 4 + 6,15,13,15,17,2276.009679800016,2278.0385681999614,2279.553388900007,2284.571973199956,2285.6556111000245,2285.6556163999485,2287.1718991999514,2288.189014100004,e,17,1.0836379000684246,0,Incorrect
003,21,f,1,4,108,12,3,0,5 - 1 - 4 + 6 + 7,13,13,15,14,2289.705913200043,2291.7342200999847,2293.24928670004,2298.26800130005,2298.911657299963,2298.911662600003,2300.427950100042,2301.4459062999813,q,13,0.6436559999128804,1,Correct
003,21,f,1,4,109,13,3,0,4 + 1 + 8 + 9 - 5,17,18,17,19,2302.9624058000045,2304.993158199941,2306.508286199998,2311.5265928000445,2313.407530199969,2313.4075351000065,2314.9241541000083,2315.9411145000486,w,17,1.8809373999247327,1,Correct
003,21,f,1,4,110,14,1,0,2 + 1 + 1 + 9 - 1,12,13,12,11,2317.457704099943,2319.4854244999588,2321.0003870000364,2326.018429500051,2326.599631399964,2326.599636500003,2328.1154615000123,2329.1324283999857,w,12,0.5812018999131396,1,Correct
003,21,f,1,4,111,15,3,0,5 + 6 - 4 - 1 + 7,13,15,14,13,2330.649163099937,2332.6782831000164,2334.1933172999416,2339.211850199965,2340.01558440004,2340.0155894999625,2341.5314551000483,2342.5482765999623,e,13,0.8037342000752687,1,Correct
003,21,f,1,4,112,16,3,0,4 + 1 + 8 + 9 - 5,17,19,17,18,2344.0647316999966,2346.093510500039,2347.608622299973,2352.627100600046,2353.9035475000273,2353.9035525999498,2355.4199162999867,2356.4372356999665,w,17,1.276446899981238,1,Correct
003,21,f,1,4,113,17,2,0,4 + 7 + 1 + 1 - 8,5,5,4,7,2357.954184400034,2359.9829351999797,2361.49775650003,2366.516682800022,2367.023512099986,2367.023517200025,2368.5397742999485,2369.556705099996,q,5,0.5068292999640107,1,Correct
003,21,f,1,4,114,18,2,0,5 - 8 + 7 + 1 + 1,6,8,7,6,2371.0733694999944,2373.1020527000073,2374.6167701999657,2379.63554389996,2380.50348319998,2380.5034884000197,2382.019789700047,2383.036848000018,w,7,0.8679393000202253,0,Incorrect
003,21,f,1,4,115,19,3,0,3 + 1 + 8 - 5 + 9,16,17,16,15,2384.553498400026,2386.5824488999788,2388.0976005999837,2393.116131799994,2393.519407100044,2393.5194117999636,2395.03566709999,2396.052745299996,w,16,0.40327530005015433,1,Correct
003,21,f,1,4,116,20,2,0,3 + 8 + 1 - 5 + 1,8,8,6,9,2397.5694602000294,2399.59887039999,2401.114083099994,2406.132572500035,2406.6154883999843,2406.615493600024,2408.131355999969,2409.1483107999666,q,8,0.4829158999491483,1,Correct
003,21,f,1,4,117,21,2,0,6 + 8 + 1 + 1 - 7,9,9,8,11,2410.665032699937,2412.6926900999388,2414.2076676000142,2419.226551300031,2419.89546889998,2419.8954764000373,2421.4117447000463,2422.428713100031,q,9,0.6689175999490544,1,Correct
003,21,f,1,4,118,22,1,0,2 + 9 + 1 + 1 + 1,14,13,14,12,2423.9454791999888,2425.9749097999884,2427.490216300008,2432.5082599000307,2432.9674870000454,2432.9674922999693,2434.4837629999965,2435.5008607000345,w,14,0.4592271000146866,1,Correct
003,21,f,1,4,119,23,3,0,7 - 1 + 8 - 6 + 4,12,13,11,12,2437.0175968999974,2439.0464299999876,2440.561249100021,2445.580196499941,2445.9514291000087,2445.951434000046,2447.467841299949,2448.4847236999776,q,13,0.37123260006774217,0,Incorrect
003,21,f,1,5,120,0,4,0,8 + 4 + 7 - 5 - 6,8,8,9,6,2458.651328900014,2460.6803718999727,2462.195431799977,2467.2160223999526,2467.647373700049,2467.647378899972,2469.163407200016,2470.1801622000057,q,8,0.4313513000961393,1,Correct
003,21,f,1,5,121,1,2,0,2 + 9 + 1 + 1 - 5,8,6,7,8,2471.697433299967,2473.7260867999867,2475.2417075999547,2480.2607381000416,2480.783334000036,2480.7833391999593,2482.3001679000445,2483.3174502999755,e,8,0.5225958999944851,1,Correct
003,21,f,1,5,122,2,1,0,8 - 1 + 1 + 6 + 1,15,14,15,16,2484.834474100033,2486.8634958999464,2488.3784562000073,2493.3962120000506,2493.815364500042,2493.8153698999668,2495.3316310000373,2496.3481569000287,w,15,0.4191524999914691,1,Correct
003,21,f,1,5,123,3,1,0,9 + 8 + 1 + 1 - 1,18,18,17,19,2497.8649144000374,2499.8937710999744,2501.4089698999887,2506.427398300031,2506.903310399968,2506.9033153000055,2508.4195756999543,2509.4365331999725,q,18,0.47591209993697703,1,Correct
003,21,f,1,5,124,4,3,0,6 - 1 + 7 - 8 + 9,13,13,12,11,2510.9532559999498,2512.9820315999677,2514.497107299976,2519.5158351999708,2520.5673214000417,2520.567326499964,2522.0833871000214,2523.1002199000213,q,13,1.05148620007094,1,Correct
003,21,f,1,5,125,5,2,0,3 + 9 - 1 - 6 + 1,6,4,6,5,2524.61667160003,2526.645115799969,2528.1602480999427,2533.1787334999535,2533.727298600017,2533.727304799948,2535.2435824000277,2536.260385200032,w,6,0.5485651000635698,1,Correct
003,21,f,1,5,126,6,4,0,3 + 8 - 4 + 9 + 7,23,22,23,24,2537.7767334999517,2539.805687999935,2541.320812799968,2546.3402598999674,2549.6392650000053,2549.639270200045,2551.1558600999415,2552.173044099938,q,22,3.2990051000379026,0,Incorrect
003,21,f,1,5,127,7,1,0,3 + 1 + 9 + 1 + 1,15,14,17,15,2553.6897351000225,2555.7170741000446,2557.2322156999726,2562.2515015000245,2562.7512800999684,2562.751285300008,2564.2678566999966,2565.284860900021,e,15,0.4997785999439657,1,Correct
003,21,f,1,5,128,8,1,0,7 + 1 + 6 + 1 + 1,16,16,18,17,2566.801747099962,2568.830018399982,2570.3451349999523,2575.3633582999464,2576.1992415999994,2576.1992470000405,2577.715374900028,2578.732097500004,q,16,0.8358833000529557,1,Correct
003,21,f,1,5,129,9,2,0,9 + 6 + 1 + 7 + 1,24,24,25,23,2580.2488127000397,2582.277789899963,2583.793116200017,2588.811233000015,2589.447235599975,2589.4472408000147,2590.9638001000276,2591.9810658999486,q,24,0.636002599960193,1,Correct
003,21,f,1,5,130,10,1,0,2 + 1 + 9 + 1 - 1,12,11,12,13,2593.4975905000465,2595.5268647000194,2597.0422595000127,2602.0606158999726,2602.4791963000316,2602.4792007999495,2603.9954336000374,2605.012532599969,w,12,0.41858040005899966,1,Correct
003,21,f,1,5,131,11,3,0,5 + 6 - 4 - 1 + 8,14,14,16,15,2606.529245999991,2608.5578723000363,2610.0731695999857,2615.091274000006,2616.039212599979,2616.0392177000176,2617.555519400048,2618.5725898999954,q,14,0.9479385999729857,1,Correct
003,21,f,1,5,132,12,2,0,9 + 4 + 5 + 1 - 1,18,18,19,17,2620.0892444000347,2622.118104699999,2623.633289600024,2628.6514632999897,2629.1591625999426,2629.159167399979,2630.6755114999833,2631.6926449999446,q,18,0.5076992999529466,1,Correct
003,21,f,1,5,133,13,3,0,6 + 1 + 8 + 7 - 9,13,14,13,15,2633.2093285999727,2635.2387791000074,2636.754063099972,2641.7729602999752,2642.4871251999866,2642.487130500027,2644.0029243000317,2645.0201582999434,w,13,0.714164900011383,1,Correct
003,21,f,1,5,134,14,1,0,3 + 1 + 9 + 1 - 1,13,13,12,14,2646.5368746999884,2648.565594600048,2650.080785900005,2655.099142399966,2655.6791258000303,2655.6791313999565,2657.195790900034,2658.2136657999363,q,13,0.5799834000645205,1,Correct
003,21,f,1,5,135,15,1,0,2 + 1 + 9 + 1 + 1,14,13,12,14,2659.7305346999783,2661.7588044999866,2663.2740324999904,2668.292233999935,2668.711061900016,2668.7110668999376,2670.227424700046,2671.256200099946,e,14,0.4188279000809416,1,Correct
003,21,f,1,5,136,16,4,0,9 + 4 - 6 + 8 + 7,22,21,24,22,2672.77307450003,2674.8014749999857,2676.3166798000457,2681.3353430000134,2684.2070502999704,2684.207056000014,2685.723649099935,2686.7409846000373,e,22,2.871707299957052,1,Correct
003,21,f,1,5,137,17,1,0,6 + 9 + 1 + 1 - 1,16,15,16,14,2688.2576321000233,2690.2844527999405,2691.799556400045,2696.817855100031,2697.2390734000364,2697.239078499959,2698.755381499999,2699.7726000000257,w,16,0.42121830000542104,1,Correct
003,21,f,1,5,138,18,3,0,2 + 9 - 3 + 4 + 1,13,14,11,13,2701.2892832000507,2703.3190525999526,2704.834335500025,2709.853069099947,2710.3590578000294,2710.3590630999533,2711.8753580000484,2712.8924555999693,e,13,0.5059887000825256,1,Correct
003,21,f,1,5,139,19,2,0,3 + 9 + 1 - 5 + 1,9,7,8,9,2714.4094595999923,2716.437901600031,2717.9529940000502,2722.971163499984,2725.958963299985,2725.9589689000277,2727.4754919999978,2728.492442799965,e,9,2.987799800001085,1,Correct
003,21,f,1,5,140,20,3,0,5 + 1 + 7 - 8 + 6,11,13,9,11,2730.009166199947,2732.037816099939,2733.5529311000137,2738.5716658999445,2739.0230095000006,2739.023014400038,2740.5393131000455,2741.5561874000123,e,11,0.45134360005613416,1,Correct
003,21,f,1,5,141,21,3,0,5 + 7 + 1 - 4 + 6,15,15,17,13,2743.072908399976,2745.101401499938,2746.615961099975,2751.6346803000197,2755.246932900045,2755.2469382999698,2756.763287800015,2757.7802617000416,w,17,3.6122526000253856,0,Incorrect
003,21,f,1,5,142,22,3,0,8 + 6 - 7 + 1 - 4,4,5,3,4,2759.296835899935,2761.3261705000186,2762.841321200016,2767.861411300022,2768.2549428000348,2768.2549477999564,2769.771146700019,2770.7882254000288,e,4,0.39353150001261383,1,Correct
003,21,f,1,5,143,23,4,0,5 + 7 - 4 + 8 + 6,22,22,24,23,2772.304837099975,2774.333192399936,2775.848443900002,2780.867176400032,2781.926908500027,2781.926913399948,2783.443393399939,2784.460350499954,q,22,1.059732099995017,1,Correct
